OBJECTID,IDTRAMO,FECHAACTUAL,MODO,CODIGOITINERARIO,CODIGOGESTIONLINEA,NUMEROLINEAUSUARIO,SENTIDO,TIPOITINERARIO,CODIGOESTACION,CODIGOPOSTE,CODIGOANDEN,NUMEROORDEN,IDENTIFICADORTIPOPARADA,TIPOPARADA,DENOMINACION,CODIGOPROVINCIA,CODIGOMUNICIPIO,MUNICIPIO,CORONATARIFARIA,DIRECCION,FECHAALTA,FECHAINICIO,FECHAFIN,LONGITUDTRAMOANTERIOR,VELOCIDADTRAMOANTERIOR,MODOLINEA,MODOINTERCAMBIADOR,CODIGOINTERCAMBIADOR,CODPROV_LINEA,CODMUN_LINEA,IDFTRAMO,CODIGOOBSERVACION,CODIGOSUBLINEA,DENOMINACION_SAE,IDFLINEA,Shape__Length
1,5_330338_12__517_I,20230414,5,330338,C2,C-2,1,1,12,,517,2,TI,I,AZUQUECA,19,046,AZUQUECA DE HENARES,E1,Paseo de la Estacion SN SN,20010621,19930101,,11511.4911,30,5,93,151,,,5__2_____1_IT_1_5_12__517_TI_I_2,,,,5__2___,11511.4911161054
2,5_330357_12__518_I,20230414,5,330357,C2,C-2,2,1,12,,518,18,TI,I,AZUQUECA,19,046,AZUQUECA DE HENARES,E1,Paseo de la Estacion SN SN,20010621,19930101,,4060.4553,30,5,93,151,,,5__2_____2_IT_1_5_12__518_TI_I_18,,,,5__2___,4060.44725320202
3,5_364228_12__517_I,20230414,5,364228,C8,C-8,1,1,12,,517,2,TI,I,AZUQUECA,19,046,AZUQUECA DE HENARES,E1,Paseo de la Estacion SN SN,20190919,20181105,,11511.4911,30,5,93,151,,,5__8_____1_IT_1_5_12__517_TI_I_2,,,,5__8___,11511.4911161054
4,5_364229_12__518_I,20230414,5,364229,C8,C-8,2,1,12,,518,31,TI,I,AZUQUECA,19,046,AZUQUECA DE HENARES,E1,Paseo de la Estacion SN SN,20190919,20181105,,4060.4553,30,5,93,151,,,5__8_____2_IT_1_5_12__518_TI_I_31,,,,5__8___,4060.44725320202
5,5_330357_38__572_C,20230414,5,330357,C2,C-2,2,1,38,,572,19,TI,C,GUADALAJARA,19,130,GUADALAJARA,E1,Plaza de la Estación SN SN,20010621,19930101,,11511.1731,30,5,93,224,,,5__2_____2_IT_1_5_38__572_TI_C_19,,,,5__2___,11511.1731446211
6,5_364229_38__572_C,20230414,5,364229,C8,C-8,2,1,38,,572,32,TI,C,GUADALAJARA,19,130,GUADALAJARA,E1,Plaza de la Estación SN SN,20190919,20181105,,11511.1731,30,5,93,224,,,5__8_____2_IT_1_5_38__572_TI_C_32,,,,5__8___,11511.1731446211
7,5_330338_2__493_I,20230414,5,330338,C2,C-2,1,1,2,,493,5,TI,I,ALCALÁ DE HENARES,28,005,ALCALA DE HENARES,B3,Calle   Pedro Lainez N 2,20010621,19930101,,3253.4389,30,5,93,125,,,5__2_____1_IT_1_5_2__493_TI_I_5,,,,5__2___,3253.45668326129
8,5_330357_2__494_I,20230414,5,330357,C2,C-2,2,1,2,,494,15,TI,I,ALCALÁ DE HENARES,28,005,ALCALA DE HENARES,B3,Calle   Pedro Lainez N 2,20010621,19930101,,2443.8146,30,5,93,125,,,5__2_____2_IT_1_5_2__494_TI_I_15,,,,5__2___,2443.83614351522
9,5_364227_2__494_C,20230414,5,364227,C7,C-7,2,1,2,,494,24,TI,C,ALCALÁ DE HENARES,28,005,ALCALA DE HENARES,B3,Calle   Pedro Lainez N 2,20190919,20181105,,2443.8146,30,5,93,125,,,5__7_____2_IT_1_5_2__494_TI_C_24,,,,5__7___,2443.83614351522
10,5_364228_2__493_I,20230414,5,364228,C8,C-8,1,1,2,,493,5,TI,I,ALCALÁ DE HENARES,28,005,ALCALA DE HENARES,B3,Calle   Pedro Lainez N 2,20190919,20181105,,3253.4389,30,5,93,125,,,5__8_____1_IT_1_5_2__493_TI_I_5,,,,5__8___,3253.45668326129
11,5_364229_2__494_I,20230414,5,364229,C8,C-8,2,1,2,,494,28,TI,I,ALCALÁ DE HENARES,28,005,ALCALA DE HENARES,B3,Calle   Pedro Lainez N 2,20190919,20181105,,2443.8146,30,5,93,125,,,5__8_____2_IT_1_5_2__494_TI_I_28,,,,5__8___,2443.83614351522
12,5_330338_3__495_I,20230414,5,330338,C2,C-2,1,1,3,,495,4,TI,I,ALCALÁ DE HENARES UNIVERSIDAD,28,005,ALCALA DE HENARES,B3,Ctra del  Campus SN SN,20010621,19930101,,4487.5563,30,5,93,126,,,5__2_____1_IT_1_5_3__495_TI_I_4,,,,5__2___,4487.56338064616
13,5_330357_3__496_I,20230414,5,330357,C2,C-2,2,1,3,,496,16,TI,I,ALCALÁ DE HENARES UNIVERSIDAD,28,005,ALCALA DE HENARES,B3,Ctra del  Campus SN SN,20010621,19930101,,3256.3125,30,5,93,126,,,5__2_____2_IT_1_5_3__496_TI_I_16,,,,5__2___,3256.33026426945
14,5_364228_3__495_I,20230414,5,364228,C8,C-8,1,1,3,,495,4,TI,I,ALCALÁ DE HENARES UNIVERSIDAD,28,005,ALCALA DE HENARES,B3,Ctra del  Campus SN SN,20190919,20181105,,4487.5563,30,5,93,126,,,5__8_____1_IT_1_5_3__495_TI_I_4,,,,5__8___,4487.56338064616
15,5_364229_3__496_I,20230414,5,364229,C8,C-8,2,1,3,,496,29,TI,I,ALCALÁ DE HENARES UNIVERSIDAD,28,005,ALCALA DE HENARES,B3,Ctra del  Campus SN SN,20190919,20181105,,3256.3125,30,5,93,126,,,5__8_____2_IT_1_5_3__496_TI_I_29,,,,5__8___,3256.33026426945
16,5_330338_106__697_I,20230414,5,330338,C2,C-2,1,1,106,,697,6,TI,I,"GARENA, LA",28,005,ALCALA DE HENARES,B3,Calle   Fausto Elhuyar N 6,20010621,19930101,,2443.1749,30,5,92,218,,,5__2_____1_IT_1_5_106__697_TI_I_6,,,,5__2___,2443.19648970614
17,5_330357_106__698_I,20230414,5,330357,C2,C-2,2,1,106,,698,14,TI,I,"GARENA, LA",28,005,ALCALA DE HENARES,B3,Calle   Fausto Elhuyar N 6,20010621,19930101,,4495.2335,30,5,92,218,,,5__2_____2_IT_1_5_106__698_TI_I_14,,,,5__2___,4495.23345928471
18,5_364227_106__698_I,20230414,5,364227,C7,C-7,2,1,106,,698,23,TI,I,"GARENA, LA",28,005,ALCALA DE HENARES,B3,Calle   Fausto Elhuyar N 6,20190919,20181105,,4495.4321,30,5,92,218,,,5__7_____2_IT_1_5_106__698_TI_I_23,,,,5__7___,4495.47454537915
19,5_364228_106__697_I,20230414,5,364228,C8,C-8,1,1,106,,697,6,TI,I,"GARENA, LA",28,005,ALCALA DE HENARES,B3,Calle   Fausto Elhuyar N 6,20190919,20181105,,2443.1749,30,5,92,218,,,5__8_____1_IT_1_5_106__697_TI_I_6,,,,5__8___,2443.19648970614
20,5_364229_106__698_I,20230414,5,364229,C8,C-8,2,1,106,,698,27,TI,I,"GARENA, LA",28,005,ALCALA DE HENARES,B3,Calle   Fausto Elhuyar N 6,20190919,20181105,,4495.2335,30,5,92,218,,,5__8_____2_IT_1_5_106__698_TI_I_27,,,,5__8___,4495.23345928471
21,5_364226_106__697_I,20230414,5,364226,C7,C-7,1,1,106,,697,2,TI,I,"GARENA, LA",28,005,ALCALA DE HENARES,B3,Calle   Fausto Elhuyar N 6,20190919,20181105,,2443.1749,30,5,92,218,,,5__7_____1_IT_1_5_106__697_TI_I_2,,,,5__7___,2443.19648970614
22,5_340742_4__498_T,20230414,5,340742,C4A,C-4a,1,1,4,,498,15,TI,T,ALCOBENDAS-S.S. DE LOS REYES,28,006,ALCOBENDAS,B1,Plaza de Francisco Casillas N 1,20090625,20090625,,1661.1851,30,5,93,127,,,5__4_A____1_IT_1_5_4__498_TI_T_15,,,,5__4_A__,1661.18012013347
23,5_340742_85__672_I,20230414,5,340742,C4A,C-4a,1,1,85,,672,14,TI,I,VALDELASFUENTES,28,006,ALCOBENDAS,B1,Calle del Marqués de la Valdavia N 140,20090625,20090625,,2624.5187,30,5,93,363,,,5__4_A____1_IT_1_5_85__672_TI_I_14,,,,5__4_A__,2624.51436554937
24,5_340743_85__671_I,20230414,5,340743,C4A,C-4a,2,1,85,,671,2,TI,I,VALDELASFUENTES,28,006,ALCOBENDAS,B1,Calle del Marqués de la Valdavia N 140,20090625,20090625,,1658.4178,30,5,93,363,,,5__4_A____2_IT_1_5_85__671_TI_I_2,,,,5__4_A__,1658.41273664622
25,5_332752_5__500_I,20230414,5,332752,C5,C-5,2,1,5,,500,20,TI,I,ALCORCÓN,28,007,ALCORCON,B1,Avda de Móstoles N 12,20040303,20040228,,1586.1497,30,5,92,89,,,5__5_____2_IT_1_5_5__500_TI_I_20,,,,5__5___,1586.14559168519
26,5_332751_5__499_I,20230414,5,332751,C5,C-5,1,1,5,,499,4,TI,I,ALCORCÓN,28,007,ALCORCON,B1,Avda de Móstoles N 12,20040303,20040228,,1324.079,30,5,92,89,,,5__5_____1_IT_1_5_5__499_TI_I_4,,,,5__5___,1324.08087481222
27,5_332752_66__628_I,20230414,5,332752,C5,C-5,2,1,66,,628,21,TI,I,"RETAMAS, LAS",28,007,ALCORCON,B1,Avda de Retamas N 2,20040303,20040228,,1323.4847,30,5,93,313,,,5__5_____2_IT_1_5_66__628_TI_I_21,,,,5__5___,1323.48653749121
28,5_332751_66__627_I,20230414,5,332751,C5,C-5,1,1,66,,627,3,TI,I,"RETAMAS, LAS",28,007,ALCORCON,B1,Avda de Retamas N 2,20040303,20040228,,2372.407,30,5,93,313,,,5__5_____1_IT_1_5_66__627_TI_I_3,,,,5__5___,2372.40835798025
29,5_332752_72__640_I,20230414,5,332752,C5,C-5,2,1,72,,640,19,TI,I,SAN JOSÉ DE VALDERAS,28,007,ALCORCON,B1,Calle de Sahagún N 36,20040303,20040228,,3237.5642,30,5,93,336,,,5__5_____2_IT_1_5_72__640_TI_I_19,,,,5__5___,3237.56807260285
30,5_332751_72__639_I,20230414,5,332751,C5,C-5,1,1,72,,639,5,TI,I,SAN JOSÉ DE VALDERAS,28,007,ALCORCON,B1,Calle de Sahagún N 36,20040303,20040228,,1585.0715,30,5,93,336,,,5__5_____1_IT_1_5_72__639_TI_I_5,,,,5__5___,1585.06738274686
31,5_364228_6__501_I,20230414,5,364228,C8,C-8,1,1,6,,501,29,TI,I,ALPEDRETE,28,010,ALPEDRETE,C1,Cmno de la Estación N 36,20190919,20181105,,2694.7756,30,5,93,134,,,5__8_____1_IT_1_5_6__501_TI_I_29,,,,5__8___,2694.77823181726
32,5_364229_6__502_I,20230414,5,364229,C8,C-8,2,1,6,,502,4,TI,I,ALPEDRETE,28,010,ALPEDRETE,C1,Cmno de la Estación N 36,20190919,20181105,,6013.409,30,5,93,134,,,5__8_____2_IT_1_5_6__502_TI_I_4,,,,5__8___,6013.41041469122
33,5_364228_50__595_I,20230414,5,364228,C8,C-8,1,1,50,,595,28,TI,I,"NEGRALES, LOS",28,010,ALPEDRETE,C1,Avda de la Reina Victoria N 47,20190919,20181105,,1957.8747,30,5,93,279,,,5__8_____1_IT_1_5_50__595_TI_I_28,,,,5__8___,1957.87709700445
34,5_364229_50__596_I,20230414,5,364229,C8,C-8,2,1,50,,596,5,TI,I,"NEGRALES, LOS",28,010,ALPEDRETE,C1,Avda de la Reina Victoria N 47,20190919,20181105,,2692.7499,30,5,93,279,,,5__8_____2_IT_1_5_50__596_TI_I_5,,,,5__8___,2692.75255775102
35,5_364225_8__505_C,20230414,5,364225,C3A,C-3a,2,1,8,,505,27,TI,C,ARANJUEZ,28,013,ARANJUEZ,C1,Calle de la Estación N 5,20190919,20181105,,14696.838,30,5,93,140,,,5__3_A____2_IT_1_5_8__505_TI_C_27,,,,5__3_A__,14696.7980392665
36,5_364223_8__505_C,20230414,5,364223,C3,C-3,2,1,8,,505,13,TI,C,ARANJUEZ,28,013,ARANJUEZ,C1,Calle de la Estación N 5,20190919,20181105,,14696.838,30,5,93,140,,,5__3_____2_IT_1_5_8__505_TI_C_13,,,,5__3___,14696.7980392665
37,5_345746_16__528_C,20230414,5,345746,C9,C-9,2,1,16,,528,3,TI,C,CERCEDILLA,28,038,CERCEDILLA,C2,Calle del Cascajal N 7,20110919,20110922,,11057.6529,30,5,93,169,,,5__9_____2_IT_1_5_16__528_TI_C_3,,,,5__9___,11048.8711480849
38,5_364228_16__528_T,20230414,5,364228,C8,C-8,1,1,16,,528,32,TI,T,CERCEDILLA,28,038,CERCEDILLA,C2,Calle del Cascajal N 7,20190919,20181105,,5311.5438,30,5,93,169,,,5__8_____1_IT_1_5_16__528_TI_T_32,,,,5__8___,5311.54376669394
39,5_345745_63__621_I,20230414,5,345745,C9,C-9,1,1,63,,621,2,TI,I,PUERTO NAVACERRADA,28,038,CERCEDILLA,C2,Calle de la Virgen de las Nieves N 7,20110919,20110922,,11042.3676,30,5,93,308,,,5__9_____1_IT_1_5_63__621_TI_I_2,,,,5__9___,11042.3675579055
40,5_345746_63__622_I,20230414,5,345746,C9,C-9,2,1,63,,622,2,TI,I,PUERTO NAVACERRADA,28,038,CERCEDILLA,C2,Calle de la Virgen de las Nieves N 7,20110919,20110922,,7068.9654,30,5,93,308,,,5__9_____2_IT_1_5_63__622_TI_I_2,,,,5__9___,7068.96537281347
41,5_364224_19__534_I,20230414,5,364224,C3A,C-3a,1,1,19,,534,2,TI,I,CIEMPOZUELOS,28,040,CIEMPOZUELOS,B3,Avda de San Juan de Dios N 7,20190919,20181105,,14698.6256,30,5,93,171,,,5__3_A____1_IT_1_5_19__534_TI_I_2,,,,5__3_A__,14698.6256051004
42,5_364225_19__533_I,20230414,5,364225,C3A,C-3a,2,1,19,,533,26,TI,I,CIEMPOZUELOS,28,040,CIEMPOZUELOS,B3,Avda de San Juan de Dios N 7,20190919,20181105,,6510.7527,30,5,93,171,,,5__3_A____2_IT_1_5_19__533_TI_I_26,,,,5__3_A__,6510.76437023266
43,5_364222_19__534_I,20230414,5,364222,C3,C-3,1,1,19,,534,2,TI,I,CIEMPOZUELOS,28,040,CIEMPOZUELOS,B3,Avda de San Juan de Dios N 7,20190919,20181105,,14698.6256,30,5,93,171,,,5__3_____1_IT_1_5_19__534_TI_I_2,,,,5__3___,14698.6256051004
44,5_364223_19__533_I,20230414,5,364223,C3,C-3,2,1,19,,533,12,TI,I,CIEMPOZUELOS,28,040,CIEMPOZUELOS,B3,Avda de San Juan de Dios N 7,20190919,20181105,,6510.7527,30,5,93,171,,,5__3_____2_IT_1_5_19__533_TI_I_12,,,,5__3___,6510.76437023266
45,5_340744_21__538_T,20230414,5,340744,C4B,C-4b,1,1,21,,538,15,TI,T,COLMENAR VIEJO,28,045,COLMENAR VIEJO,B3,Calle de la Doctora Nogales de la Morena SN SN,20090625,20090625,,10783.7541,30,5,93,174,,,5__4_B____1_IT_1_5_21__538_TI_T_15,,,,5__4_B__,10783.7501839254
46,5_364228_20__535_I,20230414,5,364228,C8,C-8,1,1,20,,535,30,TI,I,COLLADO MEDIANO,28,046,COLLADO MEDIANO,C1,Paseo de los Rosales N 47,20190919,20181105,,6016.2994,30,5,93,173,,,5__8_____1_IT_1_5_20__535_TI_I_30,,,,5__8___,6016.30080962197
47,5_364229_20__536_I,20230414,5,364229,C8,C-8,2,1,20,,536,3,TI,I,COLLADO MEDIANO,28,046,COLLADO MEDIANO,C1,Paseo de los Rosales N 47,20190919,20181105,,3735.8039,30,5,93,173,,,5__8_____2_IT_1_5_20__536_TI_I_3,,,,5__8___,3735.80492172998
48,5_361623_91__681_C,20230414,5,361623,C10,C-10,2,1,91,,681,21,TI,C,VILLALBA,28,047,COLLADO VILLALBA,B3,Plaza de la Estación N 1,20180312,20170126,,3867.5876,30,5,92,371,,,5__10_____2_IT_1_5_91__681_TI_C_21,,,,5__10___,3867.59513478561
49,5_364224_91__681_I,20230414,5,364224,C3A,C-3a,1,1,91,,681,21,TI,I,VILLALBA,28,047,COLLADO VILLALBA,B3,Plaza de la Estación N 1,20190919,20181105,,3867.5876,30,5,92,371,,,5__3_A____1_IT_1_5_91__681_TI_I_21,,,,5__3_A__,3867.59513478561
50,5_364228_91__681_I,20230414,5,364228,C8,C-8,1,1,91,,681,27,TI,I,VILLALBA,28,047,COLLADO VILLALBA,B3,Plaza de la Estación N 1,20190919,20181105,,3867.5876,30,5,92,371,,,5__8_____1_IT_1_5_91__681_TI_I_27,,,,5__8___,3867.59513478561
51,5_364229_91__682_I,20230414,5,364229,C8,C-8,2,1,91,,682,6,TI,I,VILLALBA,28,047,COLLADO VILLALBA,B3,Plaza de la Estación N 1,20190919,20181105,,1960.5348,30,5,92,371,,,5__8_____2_IT_1_5_91__682_TI_I_6,,,,5__8___,1960.5372262148
52,5_364225_91__682_I,20230414,5,364225,C3A,C-3a,2,1,91,,682,7,TI,I,VILLALBA,28,047,COLLADO VILLALBA,B3,Plaza de la Estación N 1,20190919,20181105,,2288.7713,30,5,92,371,,,5__3_A____2_IT_1_5_91__682_TI_I_7,,,,5__3_A__,2288.7768292295
53,5_330338_22__539_I,20230414,5,330338,C2,C-2,1,1,22,,539,10,TI,I,COSLADA,28,049,COSLADA,B1,Calle de Luis Braille N 8,20010621,19930101,,3258.8885,30,5,92,87,,,5__2_____1_IT_1_5_22__539_TI_I_10,,,,5__2___,3258.89565426678
54,5_330357_22__540_I,20230414,5,330357,C2,C-2,2,1,22,,540,10,TI,I,COSLADA,28,049,COSLADA,B1,Calle de Luis Braille N 8,20010621,19930101,,3843.6997,30,5,92,87,,,5__2_____2_IT_1_5_22__540_TI_I_10,,,,5__2___,3843.6995079331
55,5_364227_22__540_I,20230414,5,364227,C7,C-7,2,1,22,,540,19,TI,I,COSLADA,28,049,COSLADA,B1,Calle de Luis Braille N 8,20190919,20181105,,3843.6997,30,5,92,87,,,5__7_____2_IT_1_5_22__540_TI_I_19,,,,5__7___,3843.6995079331
56,5_364228_22__539_I,20230414,5,364228,C8,C-8,1,1,22,,539,10,TI,I,COSLADA,28,049,COSLADA,B1,Calle de Luis Braille N 8,20190919,20181105,,3258.8885,30,5,92,87,,,5__8_____1_IT_1_5_22__539_TI_I_10,,,,5__8___,3258.89565426678
57,5_364229_22__540_I,20230414,5,364229,C8,C-8,2,1,22,,540,23,TI,I,COSLADA,28,049,COSLADA,B1,Calle de Luis Braille N 8,20190919,20181105,,3843.6997,30,5,92,87,,,5__8_____2_IT_1_5_22__540_TI_I_23,,,,5__8___,3843.6995079331
58,5_364226_22__539_I,20230414,5,364226,C7,C-7,1,1,22,,539,6,TI,I,COSLADA,28,049,COSLADA,B1,Calle de Luis Braille N 8,20190919,20181105,,3258.8885,30,5,92,87,,,5__7_____1_IT_1_5_22__539_TI_I_6,,,,5__7___,3258.89565426678
59,5_330338_71__637_I,20230414,5,330338,C2,C-2,1,1,71,,637,9,TI,I,SAN FERNANDO,28,049,COSLADA,B1,Calle   Estación de ferrocarril N 6,20010621,19930101,,4812.5564,30,5,93,333,,,5__2_____1_IT_1_5_71__637_TI_I_9,,,,5__2___,4812.58652339259
60,5_330357_71__638_I,20230414,5,330357,C2,C-2,2,1,71,,638,11,TI,I,SAN FERNANDO,28,049,COSLADA,B1,Calle   Estación de ferrocarril N 6,20010621,19930101,,3253.9267,30,5,93,333,,,5__2_____2_IT_1_5_71__638_TI_I_11,,,,5__2___,3253.93391125695
61,5_364227_71__638_I,20230414,5,364227,C7,C-7,2,1,71,,638,20,TI,I,SAN FERNANDO,28,049,COSLADA,B1,Calle   Estación de ferrocarril N 6,20190919,20181105,,3253.9267,30,5,93,333,,,5__7_____2_IT_1_5_71__638_TI_I_20,,,,5__7___,3253.93391125695
62,5_364228_71__637_I,20230414,5,364228,C8,C-8,1,1,71,,637,9,TI,I,SAN FERNANDO,28,049,COSLADA,B1,Calle   Estación de ferrocarril N 6,20190919,20181105,,4812.5564,30,5,93,333,,,5__8_____1_IT_1_5_71__637_TI_I_9,,,,5__8___,4812.58652339259
63,5_364229_71__638_I,20230414,5,364229,C8,C-8,2,1,71,,638,24,TI,I,SAN FERNANDO,28,049,COSLADA,B1,Calle   Estación de ferrocarril N 6,20190919,20181105,,3253.9267,30,5,93,333,,,5__8_____2_IT_1_5_71__638_TI_I_24,,,,5__8___,3253.93391125695
64,5_364226_71__637_I,20230414,5,364226,C7,C-7,1,1,71,,637,5,TI,I,SAN FERNANDO,28,049,COSLADA,B1,Calle   Estación de ferrocarril N 6,20190919,20181105,,4812.5564,30,5,93,333,,,5__7_____1_IT_1_5_71__637_TI_I_5,,,,5__7___,4812.58652339259
65,5_364224_29__553_I,20230414,5,364224,C3A,C-3a,1,1,29,,553,24,TI,I,"ESCORIAL, EL",28,054,"ESCORIAL, EL",C1,Calle   Estación Renfe N 5,20190919,20181105,,8647.2794,30,5,93,206,,,5__3_A____1_IT_1_5_29__553_TI_I_24,,,,5__3_A__,8647.27936945694
66,5_364225_29__554_I,20230414,5,364225,C3A,C-3a,2,1,29,,554,4,TI,I,"ESCORIAL, EL",28,054,"ESCORIAL, EL",C1,Calle   Estación Renfe N 5,20190919,20181105,,6346.7506,30,5,93,206,,,5__3_A____2_IT_1_5_29__554_TI_I_4,,,,5__3_A__,6346.75060446258
67,5_364224_96__691_I,20230414,5,364224,C3A,C-3a,1,1,96,,691,23,TI,I,"ZORRERAS, LAS",28,054,"ESCORIAL, EL",C1,Calle   Alcudia N 26,20190919,20181105,,1518.0808,30,5,93,376,,,5__3_A____1_IT_1_5_96__691_TI_I_23,,,,5__3_A__,1518.08565926646
68,5_364225_96__692_I,20230414,5,364225,C3A,C-3a,2,1,96,,692,5,TI,I,"ZORRERAS, LAS",28,054,"ESCORIAL, EL",C1,Calle   Alcudia N 26,20190919,20181105,,8644.2865,30,5,93,376,,,5__3_A____2_IT_1_5_96__692_TI_I_5,,,,5__3_A__,8644.34018158497
69,5_332751_32__559_I,20230414,5,332751,C5,C-5,1,1,32,,559,22,TI,I,FUENLABRADA,28,058,FUENLABRADA,B2,Plaza  Constitución N 1,20040303,20040228,,1595.501,30,5,92,91,,,5__5_____1_IT_1_5_32__559_TI_I_22,,,,5__5___,1595.50702722239
70,5_332752_32__560_I,20230414,5,332752,C5,C-5,2,1,32,,560,2,TI,I,FUENLABRADA,28,058,FUENLABRADA,B2,Plaza  Constitución N 1,20040303,20040228,,3967.0159,30,5,92,91,,,5__5_____2_IT_1_5_32__560_TI_I_2,,,,5__5___,3967.01874365669
71,5_332751_77__651_I,20230414,5,332751,C5,C-5,1,1,77,,651,21,TI,I,"SERNA, LA",28,058,FUENLABRADA,B2,Calle   Barcelona N 28,20040303,20040228,,1917.1779,30,5,93,343,,,5__5_____1_IT_1_5_77__651_TI_I_21,,,,5__5___,1917.18404833113
72,5_332752_77__652_I,20230414,5,332752,C5,C-5,2,1,77,,652,3,TI,I,"SERNA, LA",28,058,FUENLABRADA,B2,Calle   Barcelona N 28,20040303,20040228,,1595.0507,30,5,93,343,,,5__5_____2_IT_1_5_77__652_TI_I_3,,,,5__5___,1595.056622345
73,5_361622_33__562_I,20230414,5,361622,C10,C-10,1,1,33,,562,2,TI,I,GALAPAGAR-LA NAVATA,28,061,GALAPAGAR,B3,Ctra de Galapagar-La Navata N 154,20180312,20170126,,3862.7986,30,5,93,217,,,5__10_____1_IT_1_5_33__562_TI_I_2,,,,5__10___,3862.80617199229
74,5_361623_33__561_I,20230414,5,361623,C10,C-10,2,1,33,,561,20,TI,I,GALAPAGAR-LA NAVATA,28,061,GALAPAGAR,B3,Ctra de Galapagar-La Navata N 154,20180312,20170126,,3862.1467,30,5,93,217,,,5__10_____2_IT_1_5_33__561_TI_I_20,,,,5__10___,3862.15862490204
75,5_364224_33__561_I,20230414,5,364224,C3A,C-3a,1,1,33,,561,20,TI,I,GALAPAGAR-LA NAVATA,28,061,GALAPAGAR,B3,Ctra de Galapagar-La Navata N 154,20190919,20181105,,3862.1467,30,5,93,217,,,5__3_A____1_IT_1_5_33__561_TI_I_20,,,,5__3_A__,3862.15862490204
76,5_364228_33__561_I,20230414,5,364228,C8,C-8,1,1,33,,561,26,TI,I,GALAPAGAR-LA NAVATA,28,061,GALAPAGAR,B3,Ctra de Galapagar-La Navata N 154,20190919,20181105,,3862.1467,30,5,93,217,,,5__8_____1_IT_1_5_33__561_TI_I_26,,,,5__8___,3862.15862490204
77,5_364229_33__562_I,20230414,5,364229,C8,C-8,2,1,33,,562,7,TI,I,GALAPAGAR-LA NAVATA,28,061,GALAPAGAR,B3,Ctra de Galapagar-La Navata N 154,20190919,20181105,,3862.7986,30,5,93,217,,,5__8_____2_IT_1_5_33__562_TI_I_7,,,,5__8___,3862.80617199229
78,5_364225_33__562_I,20230414,5,364225,C3A,C-3a,2,1,33,,562,8,TI,I,GALAPAGAR-LA NAVATA,28,061,GALAPAGAR,B3,Ctra de Galapagar-La Navata N 154,20190919,20181105,,3862.7986,30,5,93,217,,,5__3_A____2_IT_1_5_33__562_TI_I_8,,,,5__3_A__,3862.80617199229
79,5_364224_74__643_I,20230414,5,364224,C3A,C-3a,1,1,74,,643,22,TI,I,SAN YAGO,28,061,GALAPAGAR,C1,Avda   Saltos del Sil N 1,20190919,20181105,,2291.9779,30,5,93,339,,,5__3_A____1_IT_1_5_74__643_TI_I_22,,,,5__3_A__,2291.98335925536
80,5_364225_74__644_I,20230414,5,364225,C3A,C-3a,2,1,74,,644,6,TI,I,SAN YAGO,28,061,GALAPAGAR,C1,Avda   Saltos del Sil N 1,20190919,20181105,,1517.7938,30,5,93,339,,,5__3_A____2_IT_1_5_74__644_TI_I_6,,,,5__3_A__,1517.79870633632
81,5_340742_34__564_I,20230414,5,340742,C4A,C-4a,1,1,34,,564,3,TI,I,GETAFE CENTRO,28,065,GETAFE,B1,Calle  Ferrocarril N 2,20090625,20090625,,2459.0417,30,5,92,92,,,5__4_A____1_IT_1_5_34__564_TI_I_3,,,,5__4_A__,2459.04894912152
82,5_340743_34__563_I,20230414,5,340743,C4A,C-4a,2,1,34,,563,13,TI,I,GETAFE CENTRO,28,065,GETAFE,B1,Calle  Ferrocarril N 2,20090625,20090625,,1528.8175,30,5,92,92,,,5__4_A____2_IT_1_5_34__563_TI_I_13,,,,5__4_A__,1528.82121913614
83,5_340744_34__564_I,20230414,5,340744,C4B,C-4b,1,1,34,,564,3,TI,I,GETAFE CENTRO,28,065,GETAFE,B1,Calle  Ferrocarril N 2,20090625,20090625,,2459.0417,30,5,92,92,,,5__4_B____1_IT_1_5_34__564_TI_I_3,,,,5__4_B__,2459.04894912152
84,5_340745_34__563_I,20230414,5,340745,C4B,C-4b,2,1,34,,563,13,TI,I,GETAFE CENTRO,28,065,GETAFE,B1,Calle  Ferrocarril N 2,20090625,20090625,,1528.817,30,5,92,92,,,5__4_B____2_IT_1_5_34__563_TI_I_13,,,,5__4_B__,1528.82121913614
85,5_364224_35__566_I,20230414,5,364224,C3A,C-3a,1,1,35,,566,5,TI,I,GETAFE INDUSTRIAL,28,065,GETAFE,B1,Paseo de John Lennon N 15400,20190919,20181105,,6981.2967,30,5,93,219,,,5__3_A____1_IT_1_5_35__566_TI_I_5,,,,5__3_A__,6981.30355496917
86,5_364225_35__565_I,20230414,5,364225,C3A,C-3a,2,1,35,,565,23,TI,I,GETAFE INDUSTRIAL,28,065,GETAFE,B1,Paseo de John Lennon N 15400,20190919,20181105,,1473.161,30,5,93,219,,,5__3_A____2_IT_1_5_35__565_TI_I_23,,,,5__3_A__,1473.16413192927
87,5_364222_35__566_I,20230414,5,364222,C3,C-3,1,1,35,,566,5,TI,I,GETAFE INDUSTRIAL,28,065,GETAFE,B1,Paseo de John Lennon N 15400,20190919,20181105,,6981.2967,30,5,93,219,,,5__3_____1_IT_1_5_35__566_TI_I_5,,,,5__3___,6981.30355496917
88,5_364223_35__565_I,20230414,5,364223,C3,C-3,2,1,35,,565,9,TI,I,GETAFE INDUSTRIAL,28,065,GETAFE,B1,Paseo de John Lennon N 15400,20190919,20181105,,1473.161,30,5,93,219,,,5__3_____2_IT_1_5_35__565_TI_I_9,,,,5__3___,1473.16413192927
89,5_340742_36__568_I,20230414,5,340742,C4A,C-4a,1,1,36,,568,2,TI,I,GETAFE SECTOR 3,28,065,GETAFE,B1,Calle del Cementerio Municipal SN SN,20090625,20090625,,7874.7103,30,5,93,220,,,5__4_A____1_IT_1_5_36__568_TI_I_2,,,,5__4_A__,7874.71268818907
90,5_340743_36__567_I,20230414,5,340743,C4A,C-4a,2,1,36,,567,14,TI,I,GETAFE SECTOR 3,28,065,GETAFE,B1,Calle del Cementerio Municipal SN SN,20090625,20090625,,2461.0279,30,5,93,220,,,5__4_A____2_IT_1_5_36__567_TI_I_14,,,,5__4_A__,2461.03526124862
91,5_340744_36__568_I,20230414,5,340744,C4B,C-4b,1,1,36,,568,2,TI,I,GETAFE SECTOR 3,28,065,GETAFE,B1,Calle del Cementerio Municipal SN SN,20090625,20090625,,7874.7103,30,5,93,220,,,5__4_B____1_IT_1_5_36__568_TI_I_2,,,,5__4_B__,7874.71268818907
92,5_340745_36__567_I,20230414,5,340745,C4B,C-4b,2,1,36,,567,14,TI,I,GETAFE SECTOR 3,28,065,GETAFE,B1,Calle del Cementerio Municipal SN SN,20090625,20090625,,2461.028,30,5,93,220,,,5__4_B____2_IT_1_5_36__567_TI_I_14,,,,5__4_B__,2461.03526124862
93,5_340742_43__582_I,20230414,5,340742,C4A,C-4a,1,1,43,,582,4,TI,I,"MARGARITAS-UNIVERSIDAD, LAS",28,065,GETAFE,B1,Calle   Madrid N 152,20090625,20090625,,1528.816,30,5,92,267,,,5__4_A____1_IT_1_5_43__582_TI_I_4,,,,5__4_A__,1528.82005584453
94,5_340743_43__581_I,20230414,5,340743,C4A,C-4a,2,1,43,,581,12,TI,I,"MARGARITAS-UNIVERSIDAD, LAS",28,065,GETAFE,B1,Calle   Madrid N 152,20090625,20090625,,2700.7198,30,5,92,267,,,5__4_A____2_IT_1_5_43__581_TI_I_12,,,,5__4_A__,2700.72369161256
95,5_340744_43__582_I,20230414,5,340744,C4B,C-4b,1,1,43,,582,4,TI,I,"MARGARITAS-UNIVERSIDAD, LAS",28,065,GETAFE,B1,Calle   Madrid N 152,20090625,20090625,,1528.8163,30,5,92,267,,,5__4_B____1_IT_1_5_43__582_TI_I_4,,,,5__4_B__,1528.82005584453
96,5_340745_43__581_I,20230414,5,340745,C4B,C-4b,2,1,43,,581,12,TI,I,"MARGARITAS-UNIVERSIDAD, LAS",28,065,GETAFE,B1,Calle   Madrid N 152,20090625,20090625,,2700.7198,30,5,92,267,,,5__4_B____2_IT_1_5_43__581_TI_I_12,,,,5__4_B__,2700.72369161694
97,5_364224_103__526_I,20230414,5,364224,C3A,C-3a,1,1,103,,526,6,TI,I,"CASAR, EL",28,065,GETAFE,B1,Avda del Casar N 2,20190919,20181105,,1473.6192,30,5,92,93,,,5__3_A____1_IT_1_5_103__526_TI_I_6,,,,5__3_A__,1473.62237916638
98,5_364225_103__525_I,20230414,5,364225,C3A,C-3a,2,1,103,,525,22,TI,I,"CASAR, EL",28,065,GETAFE,B1,Avda del Casar N 2,20190919,20181105,,1891.688,30,5,92,93,,,5__3_A____2_IT_1_5_103__525_TI_I_22,,,,5__3_A__,1891.68838172817
99,5_364222_103__526_I,20230414,5,364222,C3,C-3,1,1,103,,526,6,TI,I,"CASAR, EL",28,065,GETAFE,B1,Avda del Casar N 2,20190919,20181105,,1473.6192,30,5,92,93,,,5__3_____1_IT_1_5_103__526_TI_I_6,,,,5__3___,1473.62237916638
100,5_364223_103__525_I,20230414,5,364223,C3,C-3,2,1,103,,525,8,TI,I,"CASAR, EL",28,065,GETAFE,B1,Avda del Casar N 2,20190919,20181105,,1891.688,30,5,92,93,,,5__3_____2_IT_1_5_103__525_TI_I_8,,,,5__3___,1891.68838172817
101,5_332751_104__693_T,20230414,5,332751,C5,C-5,1,1,104,,693,23,TI,T,HUMANES,28,073,HUMANES DE MADRID,B3,Calle   Cenicientos N 26,20040303,20040228,,3965.7519,30,5,93,235,,,5__5_____1_IT_1_5_104__693_TI_T_23,,,,5__5___,3965.75464066895
102,5_332751_41__577_I,20230414,5,332751,C5,C-5,1,1,41,,577,19,TI,I,LEGANES,28,074,LEGANES,B1,Calle  Virgen del Camino N 1,20040303,20040228,,2483.6878,30,5,92,88,,,5__5_____1_IT_1_5_41__577_TI_I_19,,,,5__5___,2483.68403563901
103,5_332752_41__578_I,20230414,5,332752,C5,C-5,2,1,41,,578,5,TI,I,LEGANES,28,074,LEGANES,B1,Calle  Virgen del Camino N 1,20040303,20040228,,2105.8752,30,5,92,88,,,5__5_____2_IT_1_5_41__578_TI_I_5,,,,5__5___,2105.88012825638
104,5_332752_95__690_I,20230414,5,332752,C5,C-5,2,1,95,,690,6,TI,I,ZARZAQUEMADA,28,074,LEGANES,B1,Avda   Europa N 14,20040303,20040228,,2478.9478,30,5,93,374,,,5__5_____2_IT_1_5_95__690_TI_I_6,,,,5__5___,2478.94393776193
105,5_332751_95__689_I,20230414,5,332751,C5,C-5,1,1,95,,689,18,TI,I,ZARZAQUEMADA,28,074,LEGANES,B1,Avda   Europa N 14,20040303,20040228,,3116.5934,30,5,93,374,,,5__5_____1_IT_1_5_95__689_TI_I_18,,,,5__5___,3116.58020108557
106,5_332751_105__695_I,20230414,5,332751,C5,C-5,1,1,105,,695,20,TI,I,PARQUE POLVORANCA,28,074,LEGANES,B1,Calle   Alcalde Francisco Moreno Menéndez N 4,20040303,20040228,,2106.7073,30,5,93,295,,,5__5_____1_IT_1_5_105__695_TI_I_20,,,,5__5___,2106.71230331324
107,5_332752_105__696_I,20230414,5,332752,C5,C-5,2,1,105,,696,4,TI,I,PARQUE POLVORANCA,28,074,LEGANES,B1,Calle   Alcalde Francisco Moreno Menéndez N 4,20040303,20040228,,1917.0678,30,5,93,295,,,5__5_____2_IT_1_5_105__696_TI_I_4,,,,5__5___,1917.07405956742
108,5_332752_1__492_I,20230414,5,332752,C5,C-5,2,1,1,,492,17,TI,I,"ÁGUILAS, LAS",28,079,MADRID,A,Avda del General Fanjul N 110,20040303,20040228,,1041.2491,30,5,93,120,,,5__5_____2_IT_1_5_1__492_TI_I_17,,,,5__5___,1041.24331728773
109,5_332751_1__491_I,20230414,5,332751,C5,C-5,1,1,1,,491,7,TI,I,"ÁGUILAS, LAS",28,079,MADRID,A,Avda del General Fanjul N 110,20040303,20040228,,1087.0625,30,5,93,120,,,5__5_____1_IT_1_5_1__491_TI_I_7,,,,5__5___,1087.05797379682
110,5_332752_7__504_I,20230414,5,332752,C5,C-5,2,1,7,,504,15,TI,I,ALUCHE,28,079,MADRID,A,Calle de Valmojado N 293,20040303,20040228,,2481.5173,30,5,90,1,,,5__5_____2_IT_1_5_7__504_TI_I_15,,,,5__5___,2481.51665069982
111,5_332751_7__503_I,20230414,5,332751,C5,C-5,1,1,7,,503,9,TI,I,ALUCHE,28,079,MADRID,A,Calle de Valmojado N 293,20040303,20040228,,593.0051,30,5,90,1,,,5__5_____1_IT_1_5_7__503_TI_I_9,,,,5__5___,593.002489504391
112,5_361622_9__507_I,20230414,5,361622,C10,C-10,1,1,9,,507,10,TI,I,ARAVACA,28,079,MADRID,A,Calle de la Golondrina N 104,20180312,20170126,,1211.0706,30,5,92,94,,,5__10_____1_IT_1_5_9__507_TI_I_10,,,,5__10___,1211.06225797539
113,5_361623_9__508_I,20230414,5,361623,C10,C-10,2,1,9,,508,12,TI,I,ARAVACA,28,079,MADRID,A,Calle de la Golondrina N 104,20180312,20170126,,6744.7569,30,5,92,94,,,5__10_____2_IT_1_5_9__508_TI_I_12,,,,5__10___,6744.73771977235
114,5_364226_9__507_I,20230414,5,364226,C7,C-7,1,1,9,,507,23,TI,I,ARAVACA,28,079,MADRID,A,Calle de la Golondrina N 104,20190919,20181105,,1211.0706,30,5,92,94,,,5__7_____1_IT_1_5_9__507_TI_I_23,,,,5__7___,1211.06225797539
115,5_364227_9__508_I,20230414,5,364227,C7,C-7,2,1,9,,508,2,TI,I,ARAVACA,28,079,MADRID,A,Calle de la Golondrina N 104,20190919,20181105,,6744.1825,30,5,92,94,,,5__7_____2_IT_1_5_9__508_TI_I_2,,,,5__7___,6744.16334984187
116,5_330338_10__511_I,20230414,5,330338,C2,C-2,1,1,10,,511,15,TI,I,ASAMBLEA DE MADRID-ENTREVÍAS,28,079,MADRID,A,Calle del Vizconde de Arlessón N 45,20010621,19930101,,1188.7831,30,5,93,145,,,5__2_____1_IT_1_5_10__511_TI_I_15,,,,5__2___,1188.78371324735
117,5_330357_10__512_I,20230414,5,330357,C2,C-2,2,1,10,,512,5,TI,I,ASAMBLEA DE MADRID-ENTREVÍAS,28,079,MADRID,A,Calle del Vizconde de Arlessón N 45,20010621,19930101,,3191.7312,30,5,93,145,,,5__2_____2_IT_1_5_10__512_TI_I_5,,,,5__2___,3191.74209091868
118,5_364227_10__512_I,20230414,5,364227,C7,C-7,2,1,10,,512,14,TI,I,ASAMBLEA DE MADRID-ENTREVÍAS,28,079,MADRID,A,Calle del Vizconde de Arlessón N 45,20190919,20181105,,3191.7312,30,5,93,145,,,5__7_____2_IT_1_5_10__512_TI_I_14,,,,5__7___,3191.74209091868
119,5_364228_10__511_I,20230414,5,364228,C8,C-8,1,1,10,,511,15,TI,I,ASAMBLEA DE MADRID-ENTREVÍAS,28,079,MADRID,A,Calle del Vizconde de Arlessón N 45,20190919,20181105,,1188.7831,30,5,93,145,,,5__8_____1_IT_1_5_10__511_TI_I_15,,,,5__8___,1188.78371324735
120,5_364229_10__512_I,20230414,5,364229,C8,C-8,2,1,10,,512,18,TI,I,ASAMBLEA DE MADRID-ENTREVÍAS,28,079,MADRID,A,Calle del Vizconde de Arlessón N 45,20190919,20181105,,3191.7312,30,5,93,145,,,5__8_____2_IT_1_5_10__512_TI_I_18,,,,5__8___,3191.74209091868
121,5_364226_10__511_I,20230414,5,364226,C7,C-7,1,1,10,,511,11,TI,I,ASAMBLEA DE MADRID-ENTREVÍAS,28,079,MADRID,A,Calle del Vizconde de Arlessón N 45,20190919,20181105,,1188.7831,30,5,93,145,,,5__7_____1_IT_1_5_10__511_TI_I_11,,,,5__7___,1188.78371324735
122,5_340742_11__1098_I,20230414,5,340742,C4A,C-4a,1,1,11,,1098,7,TI,I,ATOCHA,28,079,MADRID,A,Avda de la Ciudad de Barcelona N 2B,20090625,20090625,,6726.8171,30,5,90,54,,,5__4_A____1_IT_1_5_11__1098_TI_I_7,,,,5__4_A__,6726.83410179505
123,5_330357_11__1095_I,20230414,5,330357,C2,C-2,2,1,11,,1095,4,TI,I,ATOCHA,28,079,MADRID,A,Avda de la Ciudad de Barcelona N 2B,20010621,19930101,,2316.1435,30,5,90,54,,,5__2_____2_IT_1_5_11__1095_TI_I_4,,,,5__2___,2316.14816717928
124,5_340743_11__1102_I,20230414,5,340743,C4A,C-4a,2,1,11,,1102,9,TI,I,ATOCHA,28,079,MADRID,A,Avda de la Ciudad de Barcelona N 2B,20090625,20090625,,2029.7046,30,5,90,54,,,5__4_A____2_IT_1_5_11__1102_TI_I_9,,,,5__4_A__,2029.71771559566
125,5_332751_11__1100_I,20230414,5,332751,C5,C-5,1,1,11,,1100,12,TI,I,ATOCHA,28,079,MADRID,A,Avda de la Ciudad de Barcelona N 2B,20040303,20040228,,1541.1228,30,5,90,54,,,5__5_____1_IT_1_5_11__1100_TI_I_12,,,,5__5___,1541.11900531591
126,5_330338_11__513_I,20230414,5,330338,C2,C-2,1,1,11,,513,16,TI,I,ATOCHA,28,079,MADRID,A,Avda de la Ciudad de Barcelona N 2B,20010621,19930101,,3194.768,30,5,90,54,,,5__2_____1_IT_1_5_11__513_TI_I_16,,,,5__2___,3194.77880140679
127,5_340744_11__1098_I,20230414,5,340744,C4B,C-4b,1,1,11,,1098,7,TI,I,ATOCHA,28,079,MADRID,A,Avda de la Ciudad de Barcelona N 2B,20090625,20090625,,6726.8171,30,5,90,54,,,5__4_B____1_IT_1_5_11__1098_TI_I_7,,,,5__4_B__,6726.83410179505
128,5_340745_11__1102_I,20230414,5,340745,C4B,C-4b,2,1,11,,1102,9,TI,I,ATOCHA,28,079,MADRID,A,Avda de la Ciudad de Barcelona N 2B,20090625,20090625,,2029.7046,30,5,90,54,,,5__4_B____2_IT_1_5_11__1102_TI_I_9,,,,5__4_B__,2029.71771559432
129,5_332752_11__1099_I,20230414,5,332752,C5,C-5,2,1,11,,1099,12,TI,I,ATOCHA,28,079,MADRID,A,Avda de la Ciudad de Barcelona N 2B,20040303,20040228,,1311.1064,30,5,90,54,,,5__5_____2_IT_1_5_11__1099_TI_I_12,,,,5__5___,1311.11051845445
130,5_345689_11__1096_I,20230414,5,345689,C1,C-1,2,1,11,,1096,7,TI,I,ATOCHA,28,079,MADRID,A,Avda de la Ciudad de Barcelona N 2B,20110914,20110922,,2316.6154,30,5,90,54,,,5__1_____2_IT_1_5_11__1096_TI_I_7,,,,5__1___,2316.62450692038
131,5_345688_11__513_I,20230414,5,345688,C1,C-1,1,1,11,,513,5,TI,I,ATOCHA,28,079,MADRID,A,Avda de la Ciudad de Barcelona N 2B,20110914,20110922,,1439.1841,30,5,90,54,,,5__1_____1_IT_1_5_11__513_TI_I_5,,,,5__1___,1439.18662201716
132,5_361622_11__514_I,20230414,5,361622,C10,C-10,1,1,11,,514,15,TI,I,ATOCHA,28,079,MADRID,A,Avda de la Ciudad de Barcelona N 2B,20180312,20170126,,1437.2435,30,5,90,54,,,5__10_____1_IT_1_5_11__514_TI_I_15,,,,5__10___,1437.24587329038
133,5_361623_11__1096_I,20230414,5,361623,C10,C-10,2,1,11,,1096,7,TI,I,ATOCHA,28,079,MADRID,A,Avda de la Ciudad de Barcelona N 2B,20180312,20170126,,2316.6154,30,5,90,54,,,5__10_____2_IT_1_5_11__1096_TI_I_7,,,,5__10___,2316.62450692038
134,5_364224_11__1098_I,20230414,5,364224,C3A,C-3a,1,1,11,,1098,10,TI,I,ATOCHA,28,079,MADRID,A,Avda de la Ciudad de Barcelona N 2B,20190919,20181105,,6722.8952,30,5,90,54,,,5__3_A____1_IT_1_5_11__1098_TI_I_10,,,,5__3_A__,6722.91221792751
135,5_364227_11__1095_I,20230414,5,364227,C7,C-7,2,1,11,,1095,13,TI,I,ATOCHA,28,079,MADRID,A,Avda de la Ciudad de Barcelona N 2B,20190919,20181105,,2316.1436,30,5,90,54,,,5__7_____2_IT_1_5_11__1095_TI_I_13,,,,5__7___,2316.14816717928
136,5_364228_11__513_I,20230414,5,364228,C8,C-8,1,1,11,,513,16,TI,I,ATOCHA,28,079,MADRID,A,Avda de la Ciudad de Barcelona N 2B,20190919,20181105,,3194.768,30,5,90,54,,,5__8_____1_IT_1_5_11__513_TI_I_16,,,,5__8___,3194.77880140679
137,5_364229_11__1095_I,20230414,5,364229,C8,C-8,2,1,11,,1095,17,TI,I,ATOCHA,28,079,MADRID,A,Avda de la Ciudad de Barcelona N 2B,20190919,20181105,,2316.1435,30,5,90,54,,,5__8_____2_IT_1_5_11__1095_TI_I_17,,,,5__8___,2316.14816717928
138,5_364225_11__1102_I,20230414,5,364225,C3A,C-3a,2,1,11,,1102,18,TI,I,ATOCHA,28,079,MADRID,A,Avda de la Ciudad de Barcelona N 2B,20190919,20181105,,2029.7046,30,5,90,54,,,5__3_A____2_IT_1_5_11__1102_TI_I_18,,,,5__3_A__,2029.71771559432
139,5_364222_11__1098_I,20230414,5,364222,C3,C-3,1,1,11,,1098,10,TI,I,ATOCHA,28,079,MADRID,A,Avda de la Ciudad de Barcelona N 2B,20190919,20181105,,6722.8952,30,5,90,54,,,5__3_____1_IT_1_5_11__1098_TI_I_10,,,,5__3___,6722.91221792751
140,5_364223_11__1102_I,20230414,5,364223,C3,C-3,2,1,11,,1102,4,TI,I,ATOCHA,28,079,MADRID,A,Avda de la Ciudad de Barcelona N 2B,20190919,20181105,,2029.7046,30,5,90,54,,,5__3_____2_IT_1_5_11__1102_TI_I_4,,,,5__3___,2029.71771559432
141,5_364226_11__514_I,20230414,5,364226,C7,C-7,1,1,11,,514,12,TI,I,ATOCHA,28,079,MADRID,A,Avda de la Ciudad de Barcelona N 2B,20190919,20181105,,3194.9209,30,5,90,54,,,5__7_____1_IT_1_5_11__514_TI_I_12,,,,5__7___,3194.93165878066
142,5_361622_13__519_I,20230414,5,361622,C10,C-10,1,1,13,,519,8,TI,I,"BARRIAL-C.COM.POZUELO, EL",28,079,MADRID,B1,Via   Ferrocarril SN SN,20180312,20170126,,3422.1045,30,5,93,153,,,5__10_____1_IT_1_5_13__519_TI_I_8,,,,5__10___,3422.08259106793
143,5_361623_13__520_I,20230414,5,361623,C10,C-10,2,1,13,,520,14,TI,I,"BARRIAL-C.COM.POZUELO, EL",28,079,MADRID,B1,Via   Ferrocarril SN SN,20180312,20170126,,2617.5704,30,5,93,153,,,5__10_____2_IT_1_5_13__520_TI_I_14,,,,5__10___,2617.57437038286
144,5_364227_13__520_I,20230414,5,364227,C7,C-7,2,1,13,,520,4,TI,I,"BARRIAL-C.COM.POZUELO, EL",28,079,MADRID,B1,Via   Ferrocarril SN SN,20190919,20181105,,2617.5704,30,5,93,153,,,5__7_____2_IT_1_5_13__520_TI_I_4,,,,5__7___,2617.57437038286
145,5_364226_13__519_I,20230414,5,364226,C7,C-7,1,1,13,,519,21,TI,I,"BARRIAL-C.COM.POZUELO, EL",28,079,MADRID,B1,Via   Ferrocarril SN SN,20190919,20181105,,3422.1045,30,5,93,153,,,5__7_____1_IT_1_5_13__519_TI_I_21,,,,5__7___,3422.08259106793
146,5_340742_15__524_I,20230414,5,340742,C4A,C-4a,1,1,15,,524,12,TI,I,CANTOBLANCO UNIVERSIDAD,28,079,MADRID,B1,Calle de Freud N 3,20090625,20090625,,5190.1503,30,5,93,32,,,5__4_A____1_IT_1_5_15__524_TI_I_12,,,,5__4_A__,5190.1725963739
147,5_340743_15__523_I,20230414,5,340743,C4A,C-4a,2,1,15,,523,4,TI,I,CANTOBLANCO UNIVERSIDAD,28,079,MADRID,B1,Calle de Freud N 3,20090625,20090625,,2430.5481,30,5,93,32,,,5__4_A____2_IT_1_5_15__523_TI_I_4,,,,5__4_A__,2430.54281781384
148,5_340744_15__524_I,20230414,5,340744,C4B,C-4b,1,1,15,,524,12,TI,I,CANTOBLANCO UNIVERSIDAD,28,079,MADRID,B1,Calle de Freud N 3,20090625,20090625,,5190.1503,30,5,93,32,,,5__4_B____1_IT_1_5_15__524_TI_I_12,,,,5__4_B__,5190.1725963739
149,5_340745_15__523_I,20230414,5,340745,C4B,C-4b,2,1,15,,523,4,TI,I,CANTOBLANCO UNIVERSIDAD,28,079,MADRID,B1,Calle de Freud N 3,20090625,20090625,,2260.06,30,5,93,32,,,5__4_B____2_IT_1_5_15__523_TI_I_4,,,,5__4_B__,2260.06503528874
150,5_340742_18__1072_I,20230414,5,340742,C4A,C-4a,1,1,18,,1072,10,TI,I,CHAMARTÍN,28,079,MADRID,A,Calle de Agustín de Foxá N 40,20090625,20090625,,3238.2432,30,5,90,25,,,5__4_A____1_IT_1_5_18__1072_TI_I_10,,,,5__4_A__,3238.25335937489
151,5_340745_18__531_I,20230414,5,340745,C4B,C-4b,2,1,18,,531,6,TI,I,CHAMARTÍN,28,079,MADRID,A,Calle de Agustín de Foxá N 40,20090625,20090625,,3344.7233,30,5,90,25,,,5__4_B____2_IT_1_5_18__531_TI_I_6,,,,5__4_B__,3344.73805695833
152,5_340743_18__531_I,20230414,5,340743,C4A,C-4a,2,1,18,,531,6,TI,I,CHAMARTÍN,28,079,MADRID,A,Calle de Agustín de Foxá N 40,20090625,20090625,,3344.7233,30,5,90,25,,,5__4_A____2_IT_1_5_18__531_TI_I_6,,,,5__4_A__,3344.73805695833
153,5_330338_18__1078_T,20230414,5,330338,C2,C-2,1,1,18,,1078,19,TI,T,CHAMARTÍN,28,079,MADRID,A,Calle de Agustín de Foxá N 40,20010621,19930101,,3148.4486,30,5,90,25,,,5__2_____1_IT_1_5_18__1078_TI_T_19,,,,5__2___,3148.45980014377
154,5_340744_18__1071_I,20230414,5,340744,C4B,C-4b,1,1,18,,1071,10,TI,I,CHAMARTÍN,28,079,MADRID,A,Calle de Agustín de Foxá N 40,20090625,20090625,,3243.4619,30,5,90,25,,,5__4_B____1_IT_1_5_18__1071_TI_I_10,,,,5__4_B__,3243.47209907113
155,5_345689_18__1075_I,20230414,5,345689,C1,C-1,2,1,18,,1075,4,TI,I,CHAMARTÍN,28,079,MADRID,A,Calle de Agustín de Foxá N 40,20110914,20110922,,2701.35,30,5,90,25,,,5__1_____2_IT_1_5_18__1075_TI_I_4,,,,5__1___,2701.35099392149
156,5_345688_18__1078_I,20230414,5,345688,C1,C-1,1,1,18,,1078,8,TI,I,CHAMARTÍN,28,079,MADRID,A,Calle de Agustín de Foxá N 40,20110914,20110922,,3148.4734,30,5,90,25,,,5__1_____1_IT_1_5_18__1078_TI_I_8,,,,5__1___,3148.48463183273
157,5_361622_18__1078_I,20230414,5,361622,C10,C-10,1,1,18,,1078,18,TI,I,CHAMARTÍN,28,079,MADRID,A,Calle de Agustín de Foxá N 40,20180312,20170126,,3148.4734,30,5,90,25,,,5__10_____1_IT_1_5_18__1078_TI_I_18,,,,5__10___,3148.48463183273
158,5_361623_18__1075_I,20230414,5,361623,C10,C-10,2,1,18,,1075,4,TI,I,CHAMARTÍN,28,079,MADRID,A,Calle de Agustín de Foxá N 40,20180312,20170126,,2701.6869,30,5,90,25,,,5__10_____2_IT_1_5_18__1075_TI_I_4,,,,5__10___,2701.68795520244
159,5_364224_18__1078_I,20230414,5,364224,C3A,C-3a,1,1,18,,1078,13,TI,I,CHAMARTÍN,28,079,MADRID,A,Calle de Agustín de Foxá N 40,20190919,20181105,,3230.0742,30,5,90,25,,,5__3_A____1_IT_1_5_18__1078_TI_I_13,,,,5__3_A__,3230.08394364347
160,5_364227_18__1075_I,20230414,5,364227,C7,C-7,2,1,18,,1075,10,TI,I,CHAMARTÍN,28,079,MADRID,A,Calle de Agustín de Foxá N 40,20190919,20181105,,2530.1317,30,5,90,25,,,5__7_____2_IT_1_5_18__1075_TI_I_10,,,,5__7___,2530.13475850747
161,5_364228_18__1078_I,20230414,5,364228,C8,C-8,1,1,18,,1078,19,TI,I,CHAMARTÍN,28,079,MADRID,A,Calle de Agustín de Foxá N 40,20190919,20181105,,3148.4486,30,5,90,25,,,5__8_____1_IT_1_5_18__1078_TI_I_19,,,,5__8___,3148.45980014377
162,5_364229_18__1075_I,20230414,5,364229,C8,C-8,2,1,18,,1075,14,TI,I,CHAMARTÍN,28,079,MADRID,A,Calle de Agustín de Foxá N 40,20190919,20181105,,2530.1317,30,5,90,25,,,5__8_____2_IT_1_5_18__1075_TI_I_14,,,,5__8___,2530.13475850747
163,5_364225_18__1070_I,20230414,5,364225,C3A,C-3a,2,1,18,,1070,15,TI,I,CHAMARTÍN,28,079,MADRID,A,Calle de Agustín de Foxá N 40,20190919,20181105,,2535.2813,30,5,90,25,,,5__3_A____2_IT_1_5_18__1070_TI_I_15,,,,5__3_A__,2535.28397739143
164,5_364222_18__1078_T,20230414,5,364222,C3,C-3,1,1,18,,1078,13,TI,T,CHAMARTÍN,28,079,MADRID,A,Calle de Agustín de Foxá N 40,20190919,20181105,,3230.0742,30,5,90,25,,,5__3_____1_IT_1_5_18__1078_TI_T_13,,,,5__3___,3230.08394364347
165,5_364226_18__1078_I,20230414,5,364226,C7,C-7,1,1,18,,1078,15,TI,I,CHAMARTÍN,28,079,MADRID,A,Calle de Agustín de Foxá N 40,20190919,20181105,,3148.4486,30,5,90,25,,,5__7_____1_IT_1_5_18__1078_TI_I_15,,,,5__7___,3148.45980014377
166,5_332752_24__544_I,20230414,5,332752,C5,C-5,2,1,24,,544,18,TI,I,CUATRO VIENTOS,28,079,MADRID,A,Paseo de Extremadura N 567A,20040303,20040228,,1089.2121,30,5,92,84,,,5__5_____2_IT_1_5_24__544_TI_I_18,,,,5__5___,1089.20130650755
167,5_332751_24__543_I,20230414,5,332751,C5,C-5,1,1,24,,543,6,TI,I,CUATRO VIENTOS,28,079,MADRID,A,Paseo de Extremadura N 567A,20040303,20040228,,3237.4729,30,5,92,84,,,5__5_____1_IT_1_5_24__543_TI_I_6,,,,5__5___,3237.47678994996
168,5_345689_25__546_I,20230414,5,345689,C1,C-1,2,1,25,,546,9,TI,I,DELICIAS,28,079,MADRID,A,Calle de Ramírez de Prado N 3B,20110914,20110922,,1370.3878,30,5,92,181,,,5__1_____2_IT_1_5_25__546_TI_I_9,,,,5__1___,1370.38610596129
169,5_345688_25__545_I,20230414,5,345688,C1,C-1,1,1,25,,545,3,TI,I,DELICIAS,28,079,MADRID,A,Calle de Ramírez de Prado N 3B,20110914,20110922,,1638.0192,30,5,92,181,,,5__1_____1_IT_1_5_25__545_TI_I_3,,,,5__1___,1638.01214535228
170,5_361622_25__545_I,20230414,5,361622,C10,C-10,1,1,25,,545,13,TI,I,DELICIAS,28,079,MADRID,A,Calle de Ramírez de Prado N 3B,20180312,20170126,,1637.8758,30,5,92,181,,,5__10_____1_IT_1_5_25__545_TI_I_13,,,,5__10___,1637.86884053502
171,5_361623_25__546_I,20230414,5,361623,C10,C-10,2,1,25,,546,9,TI,I,DELICIAS,28,079,MADRID,A,Calle de Ramírez de Prado N 3B,20180312,20170126,,1371.1142,30,5,92,181,,,5__10_____2_IT_1_5_25__546_TI_I_9,,,,5__10___,1371.11248131113
172,5_332752_26__548_I,20230414,5,332752,C5,C-5,2,1,26,,548,10,TI,I,DOCE DE OCTUBRE,28,079,MADRID,A,Avda de Córdoba N 39,20040303,20040228,,1469.8597,30,5,93,182,,,5__5_____2_IT_1_5_26__548_TI_I_10,,,,5__5___,1469.86429483829
173,5_332751_26__547_I,20230414,5,332751,C5,C-5,1,1,26,,547,14,TI,I,DOCE DE OCTUBRE,28,079,MADRID,A,Avda de Córdoba N 39,20040303,20040228,,2402.7478,30,5,93,182,,,5__5_____1_IT_1_5_26__547_TI_I_14,,,,5__5___,2402.74731950957
174,5_332752_28__552_I,20230414,5,332752,C5,C-5,2,1,28,,552,13,TI,I,EMBAJADORES,28,079,MADRID,A,Gta de Embajadores N 1,20040303,20040228,,1545.6639,30,5,92,10,,,5__5_____2_IT_1_5_28__552_TI_I_13,,,,5__5___,1545.6601666855
175,5_332751_28__551_I,20230414,5,332751,C5,C-5,1,1,28,,551,11,TI,I,EMBAJADORES,28,079,MADRID,A,Gta de Embajadores N 1,20040303,20040228,,3747.7087,30,5,92,10,,,5__5_____1_IT_1_5_28__551_TI_I_11,,,,5__5___,3747.69304744914
176,5_332752_30__556_I,20230414,5,332752,C5,C-5,2,1,30,,556,16,TI,I,FANJUL,28,079,MADRID,A,Avda del General Fanjul N 27,20040303,20040228,,590.1482,30,5,93,214,,,5__5_____2_IT_1_5_30__556_TI_I_16,,,,5__5___,590.145674619394
177,5_332751_30__555_I,20230414,5,332751,C5,C-5,1,1,30,,555,8,TI,I,FANJUL,28,079,MADRID,A,Avda del General Fanjul N 27,20040303,20040228,,1040.8142,30,5,93,214,,,5__5_____1_IT_1_5_30__555_TI_I_8,,,,5__5___,1040.80846232741
178,5_340742_31__558_I,20230414,5,340742,C4A,C-4a,1,1,31,,558,11,TI,I,FUENCARRAL,28,079,MADRID,A,Calle de Antonio de Cabezón N 10,20090625,20090625,,3345.6645,30,5,92,216,,,5__4_A____1_IT_1_5_31__558_TI_I_11,,,,5__4_A__,3345.67939535952
179,5_340743_31__557_I,20230414,5,340743,C4A,C-4a,2,1,31,,557,5,TI,I,FUENCARRAL,28,079,MADRID,A,Calle de Antonio de Cabezón N 10,20090625,20090625,,5189.7458,30,5,92,216,,,5__4_A____2_IT_1_5_31__557_TI_I_5,,,,5__4_A__,5189.76804097947
180,5_340744_31__558_I,20230414,5,340744,C4B,C-4b,1,1,31,,558,11,TI,I,FUENCARRAL,28,079,MADRID,A,Calle de Antonio de Cabezón N 10,20090625,20090625,,3346.6405,30,5,92,216,,,5__4_B____1_IT_1_5_31__558_TI_I_11,,,,5__4_B__,3346.65534241957
181,5_340745_31__557_I,20230414,5,340745,C4B,C-4b,2,1,31,,557,5,TI,I,FUENCARRAL,28,079,MADRID,A,Calle de Antonio de Cabezón N 10,20090625,20090625,,5189.7458,30,5,92,216,,,5__4_B____2_IT_1_5_31__557_TI_I_5,,,,5__4_B__,5189.76804097947
182,5_340744_37__570_I,20230414,5,340744,C4B,C-4b,1,1,37,,570,13,TI,I,"GOLOSO, EL",28,079,MADRID,B1,Ctra de Colmenar Viejo SN SN,20090625,20090625,,2256.5593,30,5,93,221,,,5__4_B____1_IT_1_5_37__570_TI_I_13,,,,5__4_B__,2256.56440004955
183,5_340745_37__569_I,20230414,5,340745,C4B,C-4b,2,1,37,,569,3,TI,I,"GOLOSO, EL",28,079,MADRID,B1,Ctra de Colmenar Viejo SN SN,20090625,20090625,,4662.9635,30,5,93,221,,,5__4_B____2_IT_1_5_37__569_TI_I_3,,,,5__4_B__,4662.97660198636
184,5_332752_40__576_I,20230414,5,332752,C5,C-5,2,1,40,,576,14,TI,I,LAGUNA,28,079,MADRID,A,Calle de Cuart de Poblet N 1,20040303,20040228,,3747.7232,30,5,92,83,,,5__5_____2_IT_1_5_40__576_TI_I_14,,,,5__5___,3747.70762643977
185,5_332751_40__575_I,20230414,5,332751,C5,C-5,1,1,40,,575,10,TI,I,LAGUNA,28,079,MADRID,A,Calle de Cuart de Poblet N 1,20040303,20040228,,2478.3103,30,5,92,83,,,5__5_____1_IT_1_5_40__575_TI_I_10,,,,5__5___,2478.30966833868
186,5_332751_46__1050_I,20230414,5,332751,C5,C-5,1,1,46,,1050,13,TI,I,MÉNDEZ ÁLVARO,28,079,MADRID,A,Calle del Ombu N 16,20040303,20040228,,1298.7965,30,5,90,13,,,5__5_____1_IT_1_5_46__1050_TI_I_13,,,,5__5___,1298.80071302101
187,5_332752_46__1051_I,20230414,5,332752,C5,C-5,2,1,46,,1051,11,TI,I,MÉNDEZ ÁLVARO,28,079,MADRID,A,Calle del Ombu N 16,20040303,20040228,,2404.2552,30,5,90,13,,,5__5_____2_IT_1_5_46__1051_TI_I_11,,,,5__5___,2404.25472055699
188,5_345689_46__588_I,20230414,5,345689,C1,C-1,2,1,46,,588,8,TI,I,MÉNDEZ ÁLVARO,28,079,MADRID,A,Calle del Ombu N 16,20110914,20110922,,1427.4703,30,5,90,13,,,5__1_____2_IT_1_5_46__588_TI_I_8,,,,5__1___,1427.47283883243
189,5_345688_46__587_I,20230414,5,345688,C1,C-1,1,1,46,,587,4,TI,I,MÉNDEZ ÁLVARO,28,079,MADRID,A,Calle del Ombu N 16,20110914,20110922,,1377.2738,30,5,90,13,,,5__1_____1_IT_1_5_46__587_TI_I_4,,,,5__1___,1377.27195504643
190,5_361622_46__587_I,20230414,5,361622,C10,C-10,1,1,46,,587,14,TI,I,MÉNDEZ ÁLVARO,28,079,MADRID,A,Calle del Ombu N 16,20180312,20170126,,1377.1246,30,5,90,13,,,5__10_____1_IT_1_5_46__587_TI_I_14,,,,5__10___,1377.12289298924
191,5_361623_46__588_I,20230414,5,361623,C10,C-10,2,1,46,,588,8,TI,I,MÉNDEZ ÁLVARO,28,079,MADRID,A,Calle del Ombu N 16,20180312,20170126,,1427.4728,30,5,90,13,,,5__10_____2_IT_1_5_46__588_TI_I_8,,,,5__10___,1427.47283883226
192,5_340742_51__598_I,20230414,5,340742,C4A,C-4a,1,1,51,,598,9,TI,I,NUEVOS MINISTERIOS,28,079,MADRID,A,Calle de Raimundo Fernández Villaverde N 67,20090625,20090625,,3403.2918,30,5,90,71,,,5__4_A____1_IT_1_5_51__598_TI_I_9,,,,5__4_A__,3403.30537256195
193,5_340743_51__597_I,20230414,5,340743,C4A,C-4a,2,1,51,,597,7,TI,I,NUEVOS MINISTERIOS,28,079,MADRID,A,Calle de Raimundo Fernández Villaverde N 67,20090625,20090625,,3248.6009,30,5,90,71,,,5__4_A____2_IT_1_5_51__597_TI_I_7,,,,5__4_A__,3248.61132256468
194,5_340744_51__598_I,20230414,5,340744,C4B,C-4b,1,1,51,,598,9,TI,I,NUEVOS MINISTERIOS,28,079,MADRID,A,Calle de Raimundo Fernández Villaverde N 67,20090625,20090625,,3403.2918,30,5,90,71,,,5__4_B____1_IT_1_5_51__598_TI_I_9,,,,5__4_B__,3403.30537256195
195,5_340745_51__597_I,20230414,5,340745,C4B,C-4b,2,1,51,,597,7,TI,I,NUEVOS MINISTERIOS,28,079,MADRID,A,Calle de Raimundo Fernández Villaverde N 67,20090625,20090625,,3248.6009,30,5,90,71,,,5__4_B____2_IT_1_5_51__597_TI_I_7,,,,5__4_B__,3248.61132256468
196,5_330357_51__1112_I,20230414,5,330357,C2,C-2,2,1,51,,1112,2,TI,I,NUEVOS MINISTERIOS,28,079,MADRID,A,Calle de Raimundo Fernández Villaverde N 67,20010621,19930101,,3152.7465,30,5,90,71,,,5__2_____2_IT_1_5_51__1112_TI_I_2,,,,5__2___,3152.75801084495
197,5_330338_51__1113_I,20230414,5,330338,C2,C-2,1,1,51,,1113,18,TI,I,NUEVOS MINISTERIOS,28,079,MADRID,A,Calle de Raimundo Fernández Villaverde N 67,20010621,19930101,,2534.79,30,5,90,71,,,5__2_____1_IT_1_5_51__1113_TI_I_18,,,,5__2___,2534.80244714307
198,5_345689_51__1111_I,20230414,5,345689,C1,C-1,2,1,51,,1111,5,TI,I,NUEVOS MINISTERIOS,28,079,MADRID,A,Calle de Raimundo Fernández Villaverde N 67,20110914,20110922,,3152.9246,30,5,90,71,,,5__1_____2_IT_1_5_51__1111_TI_I_5,,,,5__1___,3152.936057443
199,5_345688_51__1114_I,20230414,5,345688,C1,C-1,1,1,51,,1114,7,TI,I,NUEVOS MINISTERIOS,28,079,MADRID,A,Calle de Raimundo Fernández Villaverde N 67,20110914,20110922,,2534.7981,30,5,90,71,,,5__1_____1_IT_1_5_51__1114_TI_I_7,,,,5__1___,2534.81054719697
200,5_361622_51__1114_I,20230414,5,361622,C10,C-10,1,1,51,,1114,17,TI,I,NUEVOS MINISTERIOS,28,079,MADRID,A,Calle de Raimundo Fernández Villaverde N 67,20180312,20170126,,2534.7981,30,5,90,71,,,5__10_____1_IT_1_5_51__1114_TI_I_17,,,,5__10___,2534.81054719697
201,5_361623_51__1111_I,20230414,5,361623,C10,C-10,2,1,51,,1111,5,TI,I,NUEVOS MINISTERIOS,28,079,MADRID,A,Calle de Raimundo Fernández Villaverde N 67,20180312,20170126,,3152.9246,30,5,90,71,,,5__10_____2_IT_1_5_51__1111_TI_I_5,,,,5__10___,3152.936057443
202,5_364224_51__598_I,20230414,5,364224,C3A,C-3a,1,1,51,,598,12,TI,I,NUEVOS MINISTERIOS,28,079,MADRID,A,Calle de Raimundo Fernández Villaverde N 67,20190919,20181105,,3403.2918,30,5,90,71,,,5__3_A____1_IT_1_5_51__598_TI_I_12,,,,5__3_A__,3403.30537256195
203,5_364227_51__1112_I,20230414,5,364227,C7,C-7,2,1,51,,1112,11,TI,I,NUEVOS MINISTERIOS,28,079,MADRID,A,Calle de Raimundo Fernández Villaverde N 67,20190919,20181105,,3152.7465,30,5,90,71,,,5__7_____2_IT_1_5_51__1112_TI_I_11,,,,5__7___,3152.75801084507
204,5_364228_51__1113_I,20230414,5,364228,C8,C-8,1,1,51,,1113,18,TI,I,NUEVOS MINISTERIOS,28,079,MADRID,A,Calle de Raimundo Fernández Villaverde N 67,20190919,20181105,,2534.79,30,5,90,71,,,5__8_____1_IT_1_5_51__1113_TI_I_18,,,,5__8___,2534.80244714307
205,5_364229_51__1112_I,20230414,5,364229,C8,C-8,2,1,51,,1112,15,TI,I,NUEVOS MINISTERIOS,28,079,MADRID,A,Calle de Raimundo Fernández Villaverde N 67,20190919,20181105,,3152.7465,30,5,90,71,,,5__8_____2_IT_1_5_51__1112_TI_I_15,,,,5__8___,3152.75801084495
206,5_364225_51__597_I,20230414,5,364225,C3A,C-3a,2,1,51,,597,16,TI,I,NUEVOS MINISTERIOS,28,079,MADRID,A,Calle de Raimundo Fernández Villaverde N 67,20190919,20181105,,3244.4636,30,5,90,71,,,5__3_A____2_IT_1_5_51__597_TI_I_16,,,,5__3_A__,3244.47302755313
207,5_364222_51__598_I,20230414,5,364222,C3,C-3,1,1,51,,598,12,TI,I,NUEVOS MINISTERIOS,28,079,MADRID,A,Calle de Raimundo Fernández Villaverde N 67,20190919,20181105,,3403.2918,30,5,90,71,,,5__3_____1_IT_1_5_51__598_TI_I_12,,,,5__3___,3403.30537256195
208,5_364223_51__597_I,20230414,5,364223,C3,C-3,2,1,51,,597,2,TI,I,NUEVOS MINISTERIOS,28,079,MADRID,A,Calle de Raimundo Fernández Villaverde N 67,20190919,20181105,,3244.4636,30,5,90,71,,,5__3_____2_IT_1_5_51__597_TI_I_2,,,,5__3___,3244.47302755313
209,5_364226_51__1113_I,20230414,5,364226,C7,C-7,1,1,51,,1113,14,TI,I,NUEVOS MINISTERIOS,28,079,MADRID,A,Calle de Raimundo Fernández Villaverde N 67,20190919,20181105,,2534.79,30,5,90,71,,,5__7_____1_IT_1_5_51__1113_TI_I_14,,,,5__7___,2534.80244714307
210,5_332752_52__600_I,20230414,5,332752,C5,C-5,2,1,52,,600,9,TI,I,ORCASITAS,28,079,MADRID,A,Calle de Campotejar N 24,20040303,20040228,,1885.6174,30,5,93,286,,,5__5_____2_IT_1_5_52__600_TI_I_9,,,,5__5___,1885.62441902469
211,5_332751_52__599_I,20230414,5,332751,C5,C-5,1,1,52,,599,15,TI,I,ORCASITAS,28,079,MADRID,A,Calle de Campotejar N 24,20040303,20040228,,1474.1648,30,5,93,286,,,5__5_____1_IT_1_5_52__599_TI_I_15,,,,5__5___,1474.16948877513
212,5_345688_57__609_I,20230414,5,345688,C1,C-1,1,1,57,,609,2,TI,I,PIRÁMIDES,28,079,MADRID,A,Paseo del Doctor Vallejo Nágera N 37,20110914,20110922,,2565.5043,30,5,92,85,,,5__1_____1_IT_1_5_57__609_TI_I_2,,,,5__1___,2565.51137919187
213,5_345689_57__610_I,20230414,5,345689,C1,C-1,2,1,57,,610,10,TI,I,PIRÁMIDES,28,079,MADRID,A,Paseo del Doctor Vallejo Nágera N 37,20110914,20110922,,1639.0768,30,5,92,85,,,5__1_____2_IT_1_5_57__610_TI_I_10,,,,5__1___,1639.06975125717
214,5_361622_57__609_I,20230414,5,361622,C10,C-10,1,1,57,,609,12,TI,I,PIRÁMIDES,28,079,MADRID,A,Paseo del Doctor Vallejo Nágera N 37,20180312,20170126,,2565.8548,30,5,92,85,,,5__10_____1_IT_1_5_57__609_TI_I_12,,,,5__10___,2565.86174354492
215,5_361623_57__610_I,20230414,5,361623,C10,C-10,2,1,57,,610,10,TI,I,PIRÁMIDES,28,079,MADRID,A,Paseo del Doctor Vallejo Nágera N 37,20180312,20170126,,1639.0768,30,5,92,85,,,5__10_____2_IT_1_5_57__610_TI_I_10,,,,5__10___,1639.06975125717
216,5_364224_58__611_I,20230414,5,364224,C3A,C-3a,1,1,58,,611,16,TI,I,PITIS,28,079,MADRID,A,Ctra a la Estación de Pitis N 19,20190919,20181105,,1546.5033,30,5,93,86,,,5__3_A____1_IT_1_5_58__611_TI_I_16,,,,5__3_A__,1546.50334046354
217,5_364227_58__612_I,20230414,5,364227,C7,C-7,2,1,58,,612,7,TI,I,PITIS,28,079,MADRID,A,Ctra a la Estación de Pitis N 19,20190919,20181105,,15042.6207,30,5,93,86,,,5__7_____2_IT_1_5_58__612_TI_I_7,,,,5__7___,15042.5626622295
218,5_364228_58__611_I,20230414,5,364228,C8,C-8,1,1,58,,611,22,TI,I,PITIS,28,079,MADRID,A,Ctra a la Estación de Pitis N 19,20190919,20181105,,1546.5033,30,5,93,86,,,5__8_____1_IT_1_5_58__611_TI_I_22,,,,5__8___,1546.50334046354
219,5_364229_58__612_I,20230414,5,364229,C8,C-8,2,1,58,,612,11,TI,I,PITIS,28,079,MADRID,A,Ctra a la Estación de Pitis N 19,20190919,20181105,,14899.4964,30,5,93,86,,,5__8_____2_IT_1_5_58__612_TI_I_11,,,,5__8___,14899.4964097144
220,5_364225_58__612_I,20230414,5,364225,C3A,C-3a,2,1,58,,612,12,TI,I,PITIS,28,079,MADRID,A,Ctra a la Estación de Pitis N 19,20190919,20181105,,14899.558,30,5,93,86,,,5__3_A____2_IT_1_5_58__612_TI_I_12,,,,5__3_A__,14899.4964097144
221,5_364226_58__611_I,20230414,5,364226,C7,C-7,1,1,58,,611,18,TI,I,PITIS,28,079,MADRID,A,Ctra a la Estación de Pitis N 19,20190919,20181105,,1546.5033,30,5,93,86,,,5__7_____1_IT_1_5_58__611_TI_I_18,,,,5__7___,1546.50334046354
222,5_330338_59__613_I,20230414,5,330338,C2,C-2,1,1,59,,613,14,TI,I,"POZO, EL",28,079,MADRID,A,Avda de Entrevías N 140,20010621,19930101,,2723.1893,30,5,91,48,,,5__2_____1_IT_1_5_59__613_TI_I_14,,,,5__2___,2723.18195183287
223,5_330357_59__614_I,20230414,5,330357,C2,C-2,2,1,59,,614,6,TI,I,"POZO, EL",28,079,MADRID,A,Avda de Entrevías N 140,20010621,19930101,,1196.5565,30,5,91,48,,,5__2_____2_IT_1_5_59__614_TI_I_6,,,,5__2___,1196.55708658838
224,5_364227_59__614_I,20230414,5,364227,C7,C-7,2,1,59,,614,15,TI,I,"POZO, EL",28,079,MADRID,A,Avda de Entrevías N 140,20190919,20181105,,1196.5565,30,5,91,48,,,5__7_____2_IT_1_5_59__614_TI_I_15,,,,5__7___,1196.55708658838
225,5_364228_59__613_I,20230414,5,364228,C8,C-8,1,1,59,,613,14,TI,I,"POZO, EL",28,079,MADRID,A,Avda de Entrevías N 140,20190919,20181105,,2723.1893,30,5,91,48,,,5__8_____1_IT_1_5_59__613_TI_I_14,,,,5__8___,2723.18195183287
226,5_364229_59__614_I,20230414,5,364229,C8,C-8,2,1,59,,614,19,TI,I,"POZO, EL",28,079,MADRID,A,Avda de Entrevías N 140,20190919,20181105,,1196.5565,30,5,91,48,,,5__8_____2_IT_1_5_59__614_TI_I_19,,,,5__8___,1196.55708658838
227,5_364226_59__613_I,20230414,5,364226,C7,C-7,1,1,59,,613,10,TI,I,"POZO, EL",28,079,MADRID,A,Avda de Entrevías N 140,20190919,20181105,,2723.1893,30,5,91,48,,,5__7_____1_IT_1_5_59__613_TI_I_10,,,,5__7___,2723.18195183287
228,5_345689_61__618_C,20230414,5,345689,C1,C-1,2,1,61,,618,11,TI,C,PRÍNCIPE PÍO,28,079,MADRID,A,Paseo de la Florida N 2,20110914,20110922,,2576.4625,30,5,90,18,,,5__1_____2_IT_1_5_61__618_TI_C_11,,,,5__1___,2576.46977333609
229,5_361622_61__617_I,20230414,5,361622,C10,C-10,1,1,61,,617,11,TI,I,PRÍNCIPE PÍO,28,079,MADRID,A,Paseo de la Florida N 2,20180312,20170126,,6737.6506,30,5,90,18,,,5__10_____1_IT_1_5_61__617_TI_I_11,,,,5__10___,6737.63172420721
230,5_361623_61__618_I,20230414,5,361623,C10,C-10,2,1,61,,618,11,TI,I,PRÍNCIPE PÍO,28,079,MADRID,A,Paseo de la Florida N 2,20180312,20170126,,2576.3528,30,5,90,18,,,5__10_____2_IT_1_5_61__618_TI_I_11,,,,5__10___,2576.36003461376
231,5_364226_61__617_T,20230414,5,364226,C7,C-7,1,1,61,,617,24,TI,T,PRÍNCIPE PÍO,28,079,MADRID,A,Paseo de la Florida N 2,20190919,20181105,,6737.6506,30,5,90,18,,,5__7_____1_IT_1_5_61__617_TI_T_24,,,,5__7___,6737.63172420721
232,5_332752_62__620_I,20230414,5,332752,C5,C-5,2,1,62,,620,8,TI,I,PUENTE ALCOCER,28,079,MADRID,A,Calle de Alcocer N 54,20040303,20040228,,1818.4582,30,5,93,46,,,5__5_____2_IT_1_5_62__620_TI_I_8,,,,5__5___,1818.45836795634
233,5_332751_62__619_I,20230414,5,332751,C5,C-5,1,1,62,,619,16,TI,I,PUENTE ALCOCER,28,079,MADRID,A,Calle de Alcocer N 54,20040303,20040228,,1889.6423,30,5,93,46,,,5__5_____1_IT_1_5_62__619_TI_I_16,,,,5__5___,1889.64920341805
234,5_364224_64__623_I,20230414,5,364224,C3A,C-3a,1,1,64,,623,14,TI,I,RAMÓN Y CAJAL,28,079,MADRID,A,Calle de San Modesto N 50,20190919,20181105,,2537.8994,30,5,92,311,,,5__3_A____1_IT_1_5_64__623_TI_I_14,,,,5__3_A__,2537.90279554968
235,5_364227_64__624_I,20230414,5,364227,C7,C-7,2,1,64,,624,9,TI,I,RAMÓN Y CAJAL,28,079,MADRID,A,Calle de San Modesto N 50,20190919,20181105,,2172.5176,30,5,92,311,,,5__7_____2_IT_1_5_64__624_TI_I_9,,,,5__7___,2172.51762397187
236,5_364228_64__623_I,20230414,5,364228,C8,C-8,1,1,64,,623,20,TI,I,RAMÓN Y CAJAL,28,079,MADRID,A,Calle de San Modesto N 50,20190919,20181105,,2537.9028,30,5,92,311,,,5__8_____1_IT_1_5_64__623_TI_I_20,,,,5__8___,2537.90279554968
237,5_364229_64__624_I,20230414,5,364229,C8,C-8,2,1,64,,624,13,TI,I,RAMÓN Y CAJAL,28,079,MADRID,A,Calle de San Modesto N 50,20190919,20181105,,2172.5176,30,5,92,311,,,5__8_____2_IT_1_5_64__624_TI_I_13,,,,5__8___,2172.51762397187
238,5_364225_64__624_I,20230414,5,364225,C3A,C-3a,2,1,64,,624,14,TI,I,RAMÓN Y CAJAL,28,079,MADRID,A,Calle de San Modesto N 50,20190919,20181105,,2172.5176,30,5,92,311,,,5__3_A____2_IT_1_5_64__624_TI_I_14,,,,5__3_A__,2172.51762397187
239,5_364226_64__623_I,20230414,5,364226,C7,C-7,1,1,64,,623,16,TI,I,RAMÓN Y CAJAL,28,079,MADRID,A,Calle de San Modesto N 50,20190919,20181105,,2537.8994,30,5,92,311,,,5__7_____1_IT_1_5_64__623_TI_I_16,,,,5__7___,2537.90279554968
240,5_330338_65__625_I,20230414,5,330338,C2,C-2,1,1,65,,625,17,TI,I,RECOLETOS,28,079,MADRID,A,Paseo de Recoletos N 20,20010621,19930101,,2309.3282,30,5,92,67,,,5__2_____1_IT_1_5_65__625_TI_I_17,,,,5__2___,2309.3372711414
241,5_330357_65__626_I,20230414,5,330357,C2,C-2,2,1,65,,626,3,TI,I,RECOLETOS,28,079,MADRID,A,Paseo de Recoletos N 20,20010621,19930101,,2533.7523,30,5,92,67,,,5__2_____2_IT_1_5_65__626_TI_I_3,,,,5__2___,2533.76476361345
242,5_345689_65__626_I,20230414,5,345689,C1,C-1,2,1,65,,626,6,TI,I,RECOLETOS,28,079,MADRID,A,Paseo de Recoletos N 20,20110914,20110922,,2533.6293,30,5,92,67,,,5__1_____2_IT_1_5_65__626_TI_I_6,,,,5__1___,2533.64180063271
243,5_345688_65__625_I,20230414,5,345688,C1,C-1,1,1,65,,625,6,TI,I,RECOLETOS,28,079,MADRID,A,Paseo de Recoletos N 20,20110914,20110922,,2309.3282,30,5,92,67,,,5__1_____1_IT_1_5_65__625_TI_I_6,,,,5__1___,2309.3372711414
244,5_361622_65__625_I,20230414,5,361622,C10,C-10,1,1,65,,625,16,TI,I,RECOLETOS,28,079,MADRID,A,Paseo de Recoletos N 20,20180312,20170126,,2309.4146,30,5,92,67,,,5__10_____1_IT_1_5_65__625_TI_I_16,,,,5__10___,2309.42369444812
245,5_361623_65__626_I,20230414,5,361623,C10,C-10,2,1,65,,626,6,TI,I,RECOLETOS,28,079,MADRID,A,Paseo de Recoletos N 20,20180312,20170126,,2533.6293,30,5,92,67,,,5__10_____2_IT_1_5_65__626_TI_I_6,,,,5__10___,2533.64180063271
246,5_364227_65__626_I,20230414,5,364227,C7,C-7,2,1,65,,626,12,TI,I,RECOLETOS,28,079,MADRID,A,Paseo de Recoletos N 20,20190919,20181105,,2533.7523,30,5,92,67,,,5__7_____2_IT_1_5_65__626_TI_I_12,,,,5__7___,2533.76476361345
247,5_364228_65__625_I,20230414,5,364228,C8,C-8,1,1,65,,625,17,TI,I,RECOLETOS,28,079,MADRID,A,Paseo de Recoletos N 20,20190919,20181105,,2309.3282,30,5,92,67,,,5__8_____1_IT_1_5_65__625_TI_I_17,,,,5__8___,2309.3372711414
248,5_364229_65__626_I,20230414,5,364229,C8,C-8,2,1,65,,626,16,TI,I,RECOLETOS,28,079,MADRID,A,Paseo de Recoletos N 20,20190919,20181105,,2533.7523,30,5,92,67,,,5__8_____2_IT_1_5_65__626_TI_I_16,,,,5__8___,2533.76476361345
249,5_364226_65__625_I,20230414,5,364226,C7,C-7,1,1,65,,625,13,TI,I,RECOLETOS,28,079,MADRID,A,Paseo de Recoletos N 20,20190919,20181105,,2309.4146,30,5,92,67,,,5__7_____1_IT_1_5_65__625_TI_I_13,,,,5__7___,2309.42369444812
250,5_364224_69__634_I,20230414,5,364224,C3A,C-3a,1,1,69,,634,8,TI,I,SAN CRISTÓBAL DE LOS ANGELES,28,079,MADRID,A,Calle de Paterna N 17,20190919,20181105,,1995.0074,30,5,93,329,,,5__3_A____1_IT_1_5_69__634_TI_I_8,,,,5__3_A__,1995.00717918265
251,5_364225_69__633_I,20230414,5,364225,C3A,C-3a,2,1,69,,633,20,TI,I,SAN CRISTÓBAL DE LOS ANGELES,28,079,MADRID,A,Calle de Paterna N 17,20190919,20181105,,1162.8715,30,5,93,329,,,5__3_A____2_IT_1_5_69__633_TI_I_20,,,,5__3_A__,1162.87612046094
252,5_364222_69__634_I,20230414,5,364222,C3,C-3,1,1,69,,634,8,TI,I,SAN CRISTÓBAL DE LOS ANGELES,28,079,MADRID,A,Calle de Paterna N 17,20190919,20181105,,1995.0074,30,5,93,329,,,5__3_____1_IT_1_5_69__634_TI_I_8,,,,5__3___,1995.00717918265
253,5_364223_69__633_I,20230414,5,364223,C3,C-3,2,1,69,,633,6,TI,I,SAN CRISTÓBAL DE LOS ANGELES,28,079,MADRID,A,Calle de Paterna N 17,20190919,20181105,,1162.8715,30,5,93,329,,,5__3_____2_IT_1_5_69__633_TI_I_6,,,,5__3___,1162.87612046094
254,5_364224_70__636_I,20230414,5,364224,C3A,C-3a,1,1,70,,636,7,TI,I,SAN CRISTÓBAL INDUSTRIAL,28,079,MADRID,A,Acces a la Colonia Marconi N 11,20190919,20181105,,1884.1243,30,5,93,330,,,5__3_A____1_IT_1_5_70__636_TI_I_7,,,,5__3_A__,1884.12469368406
255,5_364225_70__635_I,20230414,5,364225,C3A,C-3a,2,1,70,,635,21,TI,I,SAN CRISTÓBAL INDUSTRIAL,28,079,MADRID,A,Acces a la Colonia Marconi N 11,20190919,20181105,,1989.4331,30,5,93,330,,,5__3_A____2_IT_1_5_70__635_TI_I_21,,,,5__3_A__,1989.43284312938
256,5_364222_70__636_I,20230414,5,364222,C3,C-3,1,1,70,,636,7,TI,I,SAN CRISTÓBAL INDUSTRIAL,28,079,MADRID,A,Acces a la Colonia Marconi N 11,20190919,20181105,,1884.1243,30,5,93,330,,,5__3_____1_IT_1_5_70__636_TI_I_7,,,,5__3___,1884.12469368406
257,5_364223_70__635_I,20230414,5,364223,C3,C-3,2,1,70,,635,7,TI,I,SAN CRISTÓBAL INDUSTRIAL,28,079,MADRID,A,Acces a la Colonia Marconi N 11,20190919,20181105,,1989.4331,30,5,93,330,,,5__3_____2_IT_1_5_70__635_TI_I_7,,,,5__3___,1989.43284312938
258,5_330338_75__645_I,20230414,5,330338,C2,C-2,1,1,75,,645,12,TI,I,SANTA EUGENIA,28,079,MADRID,A,Avda de Santa Eugenia N 2,20010621,19930101,,1987.2103,30,5,93,340,,,5__2_____1_IT_1_5_75__645_TI_I_12,,,,5__2___,1987.21136296449
259,5_330357_75__646_I,20230414,5,330357,C2,C-2,2,1,75,,646,8,TI,I,SANTA EUGENIA,28,079,MADRID,A,Avda de Santa Eugenia N 2,20010621,19930101,,1482.6517,30,5,93,340,,,5__2_____2_IT_1_5_75__646_TI_I_8,,,,5__2___,1482.64968616048
260,5_364227_75__646_I,20230414,5,364227,C7,C-7,2,1,75,,646,17,TI,I,SANTA EUGENIA,28,079,MADRID,A,Avda de Santa Eugenia N 2,20190919,20181105,,1482.6517,30,5,93,340,,,5__7_____2_IT_1_5_75__646_TI_I_17,,,,5__7___,1482.64968616048
261,5_364228_75__645_I,20230414,5,364228,C8,C-8,1,1,75,,645,12,TI,I,SANTA EUGENIA,28,079,MADRID,A,Avda de Santa Eugenia N 2,20190919,20181105,,1987.2103,30,5,93,340,,,5__8_____1_IT_1_5_75__645_TI_I_12,,,,5__8___,1987.21136296449
262,5_364229_75__646_I,20230414,5,364229,C8,C-8,2,1,75,,646,21,TI,I,SANTA EUGENIA,28,079,MADRID,A,Avda de Santa Eugenia N 2,20190919,20181105,,1482.6517,30,5,93,340,,,5__8_____2_IT_1_5_75__646_TI_I_21,,,,5__8___,1482.64968616048
263,5_364226_75__645_I,20230414,5,364226,C7,C-7,1,1,75,,645,8,TI,I,SANTA EUGENIA,28,079,MADRID,A,Avda de Santa Eugenia N 2,20190919,20181105,,1987.2103,30,5,93,340,,,5__7_____1_IT_1_5_75__645_TI_I_8,,,,5__7___,1987.21136296449
264,5_340742_84__670_I,20230414,5,340742,C4A,C-4a,1,1,84,,670,13,TI,I,UNIVERSIDAD P. COMILLAS,28,079,MADRID,B1,Ctra del Goloso SN SN,20090625,20090625,,2421.2393,30,5,92,356,,,5__4_A____1_IT_1_5_84__670_TI_I_13,,,,5__4_A__,2421.23934696724
265,5_340743_84__669_I,20230414,5,340743,C4A,C-4a,2,1,84,,669,3,TI,I,UNIVERSIDAD P. COMILLAS,28,079,MADRID,B1,Ctra del Goloso SN SN,20090625,20090625,,2624.7254,30,5,92,356,,,5__4_A____2_IT_1_5_84__669_TI_I_3,,,,5__4_A__,2624.72114975464
266,5_330338_87__675_I,20230414,5,330338,C2,C-2,1,1,87,,675,13,TI,I,VALLECAS,28,079,MADRID,A,Avda de la Democracia N 1,20010621,19930101,,1477.8703,30,5,91,49,,,5__2_____1_IT_1_5_87__675_TI_I_13,,,,5__2___,1477.86826977916
267,5_330357_87__676_I,20230414,5,330357,C2,C-2,2,1,87,,676,7,TI,I,VALLECAS,28,079,MADRID,A,Avda de la Democracia N 1,20010621,19930101,,2726.2306,30,5,91,49,,,5__2_____2_IT_1_5_87__676_TI_I_7,,,,5__2___,2726.22321394795
268,5_364227_87__676_I,20230414,5,364227,C7,C-7,2,1,87,,676,16,TI,I,VALLECAS,28,079,MADRID,A,Avda de la Democracia N 1,20190919,20181105,,2726.2306,30,5,91,49,,,5__7_____2_IT_1_5_87__676_TI_I_16,,,,5__7___,2726.22321394795
269,5_364228_87__675_I,20230414,5,364228,C8,C-8,1,1,87,,675,13,TI,I,VALLECAS,28,079,MADRID,A,Avda de la Democracia N 1,20190919,20181105,,1477.8703,30,5,91,49,,,5__8_____1_IT_1_5_87__675_TI_I_13,,,,5__8___,1477.86826977916
270,5_364229_87__676_I,20230414,5,364229,C8,C-8,2,1,87,,676,20,TI,I,VALLECAS,28,079,MADRID,A,Avda de la Democracia N 1,20190919,20181105,,2726.2306,30,5,91,49,,,5__8_____2_IT_1_5_87__676_TI_I_20,,,,5__8___,2726.22321394795
271,5_364226_87__675_I,20230414,5,364226,C7,C-7,1,1,87,,675,9,TI,I,VALLECAS,28,079,MADRID,A,Avda de la Democracia N 1,20190919,20181105,,1477.8703,30,5,91,49,,,5__7_____1_IT_1_5_87__675_TI_I_9,,,,5__7___,1477.86826977916
272,5_330338_90__679_I,20230414,5,330338,C2,C-2,1,1,90,,679,11,TI,I,VICÁLVARO,28,079,MADRID,A,Calle de San Cipriano N 85,20010621,19930101,,3838.4085,30,5,91,39,,,5__2_____1_IT_1_5_90__679_TI_I_11,,,,5__2___,3838.40839879485
273,5_330357_90__680_I,20230414,5,330357,C2,C-2,2,1,90,,680,9,TI,I,VICÁLVARO,28,079,MADRID,A,Calle de San Cipriano N 85,20010621,19930101,,1987.0569,30,5,91,39,,,5__2_____2_IT_1_5_90__680_TI_I_9,,,,5__2___,1987.05797823411
274,5_364227_90__680_I,20230414,5,364227,C7,C-7,2,1,90,,680,18,TI,I,VICÁLVARO,28,079,MADRID,A,Calle de San Cipriano N 85,20190919,20181105,,1987.0569,30,5,91,39,,,5__7_____2_IT_1_5_90__680_TI_I_18,,,,5__7___,1987.05797823411
275,5_364228_90__679_I,20230414,5,364228,C8,C-8,1,1,90,,679,11,TI,I,VICÁLVARO,28,079,MADRID,A,Calle de San Cipriano N 85,20190919,20181105,,3838.4085,30,5,91,39,,,5__8_____1_IT_1_5_90__679_TI_I_11,,,,5__8___,3838.40839879485
276,5_364229_90__680_I,20230414,5,364229,C8,C-8,2,1,90,,680,22,TI,I,VICÁLVARO,28,079,MADRID,A,Calle de San Cipriano N 85,20190919,20181105,,1987.0569,30,5,91,39,,,5__8_____2_IT_1_5_90__680_TI_I_22,,,,5__8___,1987.05797823411
277,5_364226_90__679_I,20230414,5,364226,C7,C-7,1,1,90,,679,7,TI,I,VICÁLVARO,28,079,MADRID,A,Calle de San Cipriano N 85,20190919,20181105,,3838.4085,30,5,91,39,,,5__7_____1_IT_1_5_90__679_TI_I_7,,,,5__7___,3838.40839731541
278,5_332751_92__1042_I,20230414,5,332751,C5,C-5,1,1,92,,1042,17,TI,I,VILLAVERDE ALTO,28,079,MADRID,A,Calle del Valle de Tobalina N 56,20040303,20040228,,1806.237,30,5,91,82,,,5__5_____1_IT_1_5_92__1042_TI_I_17,,,,5__5___,1806.23725532164
279,5_340742_92__684_I,20230414,5,340742,C4A,C-4a,1,1,92,,684,5,TI,I,VILLAVERDE ALTO,28,079,MADRID,A,Calle del Valle de Tobalina N 56,20090625,20090625,,2693.6797,30,5,91,82,,,5__4_A____1_IT_1_5_92__684_TI_I_5,,,,5__4_A__,2693.68359782847
280,5_340743_92__683_I,20230414,5,340743,C4A,C-4a,2,1,92,,683,11,TI,I,VILLAVERDE ALTO,28,079,MADRID,A,Calle del Valle de Tobalina N 56,20090625,20090625,,2973.1558,30,5,91,82,,,5__4_A____2_IT_1_5_92__683_TI_I_11,,,,5__4_A__,2973.151402528
281,5_340744_92__684_I,20230414,5,340744,C4B,C-4b,1,1,92,,684,5,TI,I,VILLAVERDE ALTO,28,079,MADRID,A,Calle del Valle de Tobalina N 56,20090625,20090625,,2693.6797,30,5,91,82,,,5__4_B____1_IT_1_5_92__684_TI_I_5,,,,5__4_B__,2693.68359782847
282,5_340745_92__683_I,20230414,5,340745,C4B,C-4b,2,1,92,,683,11,TI,I,VILLAVERDE ALTO,28,079,MADRID,A,Calle del Valle de Tobalina N 56,20090625,20090625,,2973.1557,30,5,91,82,,,5__4_B____2_IT_1_5_92__683_TI_I_11,,,,5__4_B__,2973.15140252815
283,5_332752_92__1041_I,20230414,5,332752,C5,C-5,2,1,92,,1041,7,TI,I,VILLAVERDE ALTO,28,079,MADRID,A,Calle del Valle de Tobalina N 56,20040303,20040228,,3115.8607,30,5,91,82,,,5__5_____2_IT_1_5_92__1041_TI_I_7,,,,5__5___,3115.84745408114
284,5_340742_93__686_I,20230414,5,340742,C4A,C-4a,1,1,93,,686,6,TI,I,VILLAVERDE BAJO,28,079,MADRID,A,Paseo de la Estación N 2,20090625,20090625,,2983.1632,30,5,92,23,,,5__4_A____1_IT_1_5_93__686_TI_I_6,,,,5__4_A__,2983.15872144378
285,5_340743_93__685_I,20230414,5,340743,C4A,C-4a,2,1,93,,685,10,TI,I,VILLAVERDE BAJO,28,079,MADRID,A,Paseo de la Estación N 2,20090625,20090625,,6724.2468,30,5,92,23,,,5__4_A____2_IT_1_5_93__685_TI_I_10,,,,5__4_A__,6724.2314019815
286,5_340744_93__686_I,20230414,5,340744,C4B,C-4b,1,1,93,,686,6,TI,I,VILLAVERDE BAJO,28,079,MADRID,A,Paseo de la Estación N 2,20090625,20090625,,2983.1631,30,5,92,23,,,5__4_B____1_IT_1_5_93__686_TI_I_6,,,,5__4_B__,2983.15872144378
287,5_340745_93__685_I,20230414,5,340745,C4B,C-4b,2,1,93,,685,10,TI,I,VILLAVERDE BAJO,28,079,MADRID,A,Paseo de la Estación N 2,20090625,20090625,,6724.2314,30,5,92,23,,,5__4_B____2_IT_1_5_93__685_TI_I_10,,,,5__4_B__,6724.23140198053
288,5_364224_93__1038_I,20230414,5,364224,C3A,C-3a,1,1,93,,1038,9,TI,I,VILLAVERDE BAJO,28,079,MADRID,A,Paseo de la Estación N 2,20190919,20181105,,1163.7512,30,5,92,23,,,5__3_A____1_IT_1_5_93__1038_TI_I_9,,,,5__3_A__,1163.75588047897
289,5_364225_93__1037_I,20230414,5,364225,C3A,C-3a,2,1,93,,1037,19,TI,I,VILLAVERDE BAJO,28,079,MADRID,A,Paseo de la Estación N 2,20190919,20181105,,6720.7715,30,5,92,23,,,5__3_A____2_IT_1_5_93__1037_TI_I_19,,,,5__3_A__,6720.36394283318
290,5_364222_93__1038_I,20230414,5,364222,C3,C-3,1,1,93,,1038,9,TI,I,VILLAVERDE BAJO,28,079,MADRID,A,Paseo de la Estación N 2,20190919,20181105,,1163.7512,30,5,92,23,,,5__3_____1_IT_1_5_93__1038_TI_I_9,,,,5__3___,1163.75588047897
291,5_364223_93__1037_I,20230414,5,364223,C3,C-3,2,1,93,,1037,5,TI,I,VILLAVERDE BAJO,28,079,MADRID,A,Paseo de la Estación N 2,20190919,20181105,,6720.3639,30,5,92,23,,,5__3_____2_IT_1_5_93__1037_TI_I_5,,,,5__3___,6720.36394283318
292,5_345688_142__1205_T,20230414,5,345688,C1,C-1,1,1,142,,1205,11,TI,T,AEROPUERTO T4,28,079,MADRID,A,Ctra de Alcobendas a Barajas SN SN,20110914,20110922,,2730.388,30,5,90,33,,,5__1_____1_IT_1_5_142__1205_TI_T_11,,,,5__1___,2730.39067129422
293,5_361622_142__1205_T,20230414,5,361622,C10,C-10,1,1,142,,1205,21,TI,T,AEROPUERTO T4,28,079,MADRID,A,Ctra de Alcobendas a Barajas SN SN,20180312,20170126,,2730.3907,30,5,90,33,,,5__10_____1_IT_1_5_142__1205_TI_T_21,,,,5__10___,2730.39067129422
294,5_340742_122__1052_I,20230414,5,340742,C4A,C-4a,1,1,122,,1052,8,TI,I,SOL,28,079,MADRID,A,Plaza de la Puerta del Sol N 6,20090625,20090625,,2022.5429,30,5,90,58,,,5__4_A____1_IT_1_5_122__1052_TI_I_8,,,,5__4_A__,2022.54438780911
295,5_340743_122__1053_I,20230414,5,340743,C4A,C-4a,2,1,122,,1053,8,TI,I,SOL,28,079,MADRID,A,Plaza de la Puerta del Sol N 6,20090625,20090625,,3401.1041,30,5,90,58,,,5__4_A____2_IT_1_5_122__1053_TI_I_8,,,,5__4_A__,3401.11764788296
296,5_340744_122__1052_I,20230414,5,340744,C4B,C-4b,1,1,122,,1052,8,TI,I,SOL,28,079,MADRID,A,Plaza de la Puerta del Sol N 6,20090625,20090625,,2022.5429,30,5,90,58,,,5__4_B____1_IT_1_5_122__1052_TI_I_8,,,,5__4_B__,2022.54439787963
297,5_340745_122__1053_I,20230414,5,340745,C4B,C-4b,2,1,122,,1053,8,TI,I,SOL,28,079,MADRID,A,Plaza de la Puerta del Sol N 6,20090625,20090625,,3401.1041,30,5,90,58,,,5__4_B____2_IT_1_5_122__1053_TI_I_8,,,,5__4_B__,3401.11764788296
298,5_364224_122__1052_I,20230414,5,364224,C3A,C-3a,1,1,122,,1052,11,TI,I,SOL,28,079,MADRID,A,Plaza de la Puerta del Sol N 6,20190919,20181105,,2022.5429,30,5,90,58,,,5__3_A____1_IT_1_5_122__1052_TI_I_11,,,,5__3_A__,2022.54438780911
299,5_364225_122__1053_I,20230414,5,364225,C3A,C-3a,2,1,122,,1053,17,TI,I,SOL,28,079,MADRID,A,Plaza de la Puerta del Sol N 6,20190919,20181105,,3401.1041,30,5,90,58,,,5__3_A____2_IT_1_5_122__1053_TI_I_17,,,,5__3_A__,3401.11764788296
300,5_364222_122__1052_I,20230414,5,364222,C3,C-3,1,1,122,,1052,11,TI,I,SOL,28,079,MADRID,A,Plaza de la Puerta del Sol N 6,20190919,20181105,,2022.5429,30,5,90,58,,,5__3_____1_IT_1_5_122__1052_TI_I_11,,,,5__3___,2022.54438780911
301,5_364223_122__1053_I,20230414,5,364223,C3,C-3,2,1,122,,1053,3,TI,I,SOL,28,079,MADRID,A,Plaza de la Puerta del Sol N 6,20190919,20181105,,3401.1041,30,5,90,58,,,5__3_____2_IT_1_5_122__1053_TI_I_3,,,,5__3___,3401.11764788296
302,5_345689_133__1163_I,20230414,5,345689,C1,C-1,2,1,133,,1163,3,TI,I,FUENTE DE LA MORA,28,079,MADRID,A,Calle de Dulce Chacón N 15,20110914,20110922,,4062.8386,30,5,92,102,,,5__1_____2_IT_1_5_133__1163_TI_I_3,,,,5__1___,4062.83104210654
303,5_345688_133__1162_I,20230414,5,345688,C1,C-1,1,1,133,,1162,9,TI,I,FUENTE DE LA MORA,28,079,MADRID,A,Calle de Dulce Chacón N 15,20110914,20110922,,2694.1474,30,5,92,102,,,5__1_____1_IT_1_5_133__1162_TI_I_9,,,,5__1___,2694.1487796096
304,5_361622_133__1162_I,20230414,5,361622,C10,C-10,1,1,133,,1162,19,TI,I,FUENTE DE LA MORA,28,079,MADRID,A,Calle de Dulce Chacón N 15,20180312,20170126,,2693.8904,30,5,92,102,,,5__10_____1_IT_1_5_133__1162_TI_I_19,,,,5__10___,2693.89042543319
305,5_361623_133__1163_I,20230414,5,361623,C10,C-10,2,1,133,,1163,3,TI,I,FUENTE DE LA MORA,28,079,MADRID,A,Calle de Dulce Chacón N 15,20180312,20170126,,4062.831,30,5,92,102,,,5__10_____2_IT_1_5_133__1163_TI_I_3,,,,5__10___,4062.83104210654
306,5_345689_144__1212_I,20230414,5,345689,C1,C-1,2,1,144,,1212,2,TI,I,VALDEBEBAS,28,079,MADRID,A,Avda de las Fuerzas Armadas N 322,20110914,20110922,,2709.9956,30,5,93,540,,,5__1_____2_IT_1_5_144__1212_TI_I_2,,,,5__1___,2709.99828452621
307,5_345688_144__1211_I,20230414,5,345688,C1,C-1,1,1,144,,1211,10,TI,I,VALDEBEBAS,28,079,MADRID,A,Avda de las Fuerzas Armadas N 322,20110914,20110922,,4065.1672,30,5,93,540,,,5__1_____1_IT_1_5_144__1211_TI_I_10,,,,5__1___,4065.15960479943
308,5_361622_144__1211_I,20230414,5,361622,C10,C-10,1,1,144,,1211,20,TI,I,VALDEBEBAS,28,079,MADRID,A,Avda de las Fuerzas Armadas N 322,20180312,20170126,,4065.1596,30,5,93,540,,,5__10_____1_IT_1_5_144__1211_TI_I_20,,,,5__10___,4065.15960479943
309,5_361623_144__1212_I,20230414,5,361623,C10,C-10,2,1,144,,1212,2,TI,I,VALDEBEBAS,28,079,MADRID,A,Avda de las Fuerzas Armadas N 322,20180312,20170126,,2709.9983,30,5,93,540,,,5__10_____2_IT_1_5_144__1212_TI_I_2,,,,5__10___,2709.99828452621
310,5_364224_145__1213_I,20230414,5,364224,C3A,C-3a,1,1,145,,1213,15,TI,I,MIRASIERRA-PACO DE LUCÍA,28,079,MADRID,A,Calle de la Costa Brava N 14B,20190919,20181105,,2176.2775,30,5,93,480,,,5__3_A____1_IT_1_5_145__1213_TI_I_15,,,,5__3_A__,2176.27748686439
311,5_364227_145__1214_I,20230414,5,364227,C7,C-7,2,1,145,,1214,8,TI,I,MIRASIERRA-PACO DE LUCÍA,28,079,MADRID,A,Calle de la Costa Brava N 14B,20190919,20181105,,1543.0062,30,5,93,480,,,5__7_____2_IT_1_5_145__1214_TI_I_8,,,,5__7___,1543.0061669872
312,5_364228_145__1213_I,20230414,5,364228,C8,C-8,1,1,145,,1213,21,TI,I,MIRASIERRA-PACO DE LUCÍA,28,079,MADRID,A,Calle de la Costa Brava N 14B,20190919,20181105,,2176.2775,30,5,93,480,,,5__8_____1_IT_1_5_145__1213_TI_I_21,,,,5__8___,2176.27748686439
313,5_364229_145__1214_I,20230414,5,364229,C8,C-8,2,1,145,,1214,12,TI,I,MIRASIERRA-PACO DE LUCÍA,28,079,MADRID,A,Calle de la Costa Brava N 14B,20190919,20181105,,1543.0062,30,5,93,480,,,5__8_____2_IT_1_5_145__1214_TI_I_12,,,,5__8___,1543.0061669872
314,5_364225_145__1214_I,20230414,5,364225,C3A,C-3a,2,1,145,,1214,13,TI,I,MIRASIERRA-PACO DE LUCÍA,28,079,MADRID,A,Calle de la Costa Brava N 14B,20190919,20181105,,1543.0062,30,5,93,480,,,5__3_A____2_IT_1_5_145__1214_TI_I_13,,,,5__3_A__,1543.0061669872
315,5_364226_145__1213_I,20230414,5,364226,C7,C-7,1,1,145,,1213,17,TI,I,MIRASIERRA-PACO DE LUCÍA,28,079,MADRID,A,Calle de la Costa Brava N 14B,20190919,20181105,,2176.2775,30,5,93,480,,,5__7_____1_IT_1_5_145__1213_TI_I_17,,,,5__7___,2176.27748686439
316,5_361622_42__579_I,20230414,5,361622,C10,C-10,1,1,42,,579,7,TI,I,MAJADAHONDA,28,080,MAJADAHONDA,B2,Cmno   Estación del Plantío N 6,20180312,20170126,,3039.3208,30,5,92,263,,,5__10_____1_IT_1_5_42__579_TI_I_7,,,,5__10___,3039.3236770212
317,5_361623_42__580_I,20230414,5,361623,C10,C-10,2,1,42,,580,15,TI,I,MAJADAHONDA,28,080,MAJADAHONDA,B2,Cmno   Estación del Plantío N 6,20180312,20170126,,3422.6177,30,5,92,263,,,5__10_____2_IT_1_5_42__580_TI_I_15,,,,5__10___,3422.59582119329
318,5_364227_42__580_I,20230414,5,364227,C7,C-7,2,1,42,,580,5,TI,I,MAJADAHONDA,28,080,MAJADAHONDA,B2,Cmno   Estación del Plantío N 6,20190919,20181105,,3422.6177,30,5,92,263,,,5__7_____2_IT_1_5_42__580_TI_I_5,,,,5__7___,3422.59582119329
319,5_364226_42__579_I,20230414,5,364226,C7,C-7,1,1,42,,579,20,TI,I,MAJADAHONDA,28,080,MAJADAHONDA,B2,Cmno   Estación del Plantío N 6,20190919,20181105,,3039.3208,30,5,92,263,,,5__7_____1_IT_1_5_42__579_TI_I_20,,,,5__7___,3039.3236770212
320,5_330338_45__585_I,20230414,5,330338,C2,C-2,1,1,45,,585,3,TI,I,MECO,28,083,MECO,C1,Trva de la Calera N 3,20010621,19930101,,4060.0112,30,5,93,271,,,5__2_____1_IT_1_5_45__585_TI_I_3,,,,5__2___,4060.00319689846
321,5_330357_45__586_I,20230414,5,330357,C2,C-2,2,1,45,,586,17,TI,I,MECO,28,083,MECO,C1,Trva de la Calera N 3,20010621,19930101,,4487.3368,30,5,93,271,,,5__2_____2_IT_1_5_45__586_TI_I_17,,,,5__2___,4487.34387703885
322,5_364228_45__585_I,20230414,5,364228,C8,C-8,1,1,45,,585,3,TI,I,MECO,28,083,MECO,C1,Trva de la Calera N 3,20190919,20181105,,4060.0112,30,5,93,271,,,5__8_____1_IT_1_5_45__585_TI_I_3,,,,5__8___,4060.00319689846
323,5_364229_45__586_I,20230414,5,364229,C8,C-8,2,1,45,,586,30,TI,I,MECO,28,083,MECO,C1,Trva de la Calera N 3,20190919,20181105,,4487.3368,30,5,93,271,,,5__8_____2_IT_1_5_45__586_TI_I_30,,,,5__8___,4487.34387703885
324,5_364228_47__589_I,20230414,5,364228,C8,C-8,1,1,47,,589,31,TI,I,"MOLINOS, LOS",28,087,"MOLINOS, LOS",C2,Gta de la Estación N 2,20190919,20181105,,3727.4639,30,5,93,276,,,5__8_____1_IT_1_5_47__589_TI_I_31,,,,5__8___,3727.46476922368
325,5_364229_47__590_I,20230414,5,364229,C8,C-8,2,1,47,,590,2,TI,I,"MOLINOS, LOS",28,087,"MOLINOS, LOS",C2,Gta de la Estación N 2,20190919,20181105,,5306.7529,30,5,93,276,,,5__8_____2_IT_1_5_47__590_TI_I_2,,,,5__8___,5306.74831959521
326,5_332752_48__592_I,20230414,5,332752,C5,C-5,2,1,48,,592,22,TI,I,MÓSTOLES,28,092,MOSTOLES,B2,Paseo de la Estación N 13,20040303,20040228,,2372.5657,30,5,92,90,,,5__5_____2_IT_1_5_48__592_TI_I_22,,,,5__5___,2372.56698179884
327,5_332751_48__591_I,20230414,5,332751,C5,C-5,1,1,48,,591,2,TI,I,MÓSTOLES,28,092,MOSTOLES,B2,Paseo de la Estación N 13,20040303,20040228,,2003.2166,30,5,92,90,,,5__5_____1_IT_1_5_48__591_TI_I_2,,,,5__5___,2003.21002208313
328,5_332752_49__594_C,20230414,5,332752,C5,C-5,2,1,49,,594,23,TI,C,MÓSTOLES EL SOTO,28,092,MOSTOLES,B2,Calle   Granada N 17,20040303,20040228,,2001.6869,30,5,93,278,,,5__5_____2_IT_1_5_49__594_TI_C_23,,,,5__5___,2001.68050434983
329,5_340743_53__601_C,20230414,5,340743,C4A,C-4a,2,1,53,,601,15,TI,C,PARLA,28,106,PARLA,B2,Calle  Real N 81,20090625,20090625,,7874.4857,30,5,92,100,,,5__4_A____2_IT_1_5_53__601_TI_C_15,,,,5__4_A__,7874.48796461602
330,5_340745_53__601_C,20230414,5,340745,C4B,C-4b,2,1,53,,601,15,TI,C,PARLA,28,106,PARLA,B2,Calle  Real N 81,20090625,20090625,,7874.4856,30,5,92,100,,,5__4_B____2_IT_1_5_53__601_TI_C_15,,,,5__4_B__,7874.48796461602
331,5_364224_56__608_I,20230414,5,364224,C3A,C-3a,1,1,56,,608,4,TI,I,PINTO,28,113,PINTO,B2,Calle del Ferrocarril N 4,20190919,20181105,,6311.2071,30,5,93,299,,,5__3_A____1_IT_1_5_56__608_TI_I_4,,,,5__3_A__,6311.21244442318
332,5_364225_56__607_I,20230414,5,364225,C3A,C-3a,2,1,56,,607,24,TI,I,PINTO,28,113,PINTO,B2,Calle del Ferrocarril N 4,20190919,20181105,,6981.1421,30,5,93,299,,,5__3_A____2_IT_1_5_56__607_TI_I_24,,,,5__3_A__,6981.14908606144
333,5_364222_56__608_I,20230414,5,364222,C3,C-3,1,1,56,,608,4,TI,I,PINTO,28,113,PINTO,B2,Calle del Ferrocarril N 4,20190919,20181105,,6311.2071,30,5,93,299,,,5__3_____1_IT_1_5_56__608_TI_I_4,,,,5__3___,6311.21244442318
334,5_364223_56__607_I,20230414,5,364223,C3,C-3,2,1,56,,607,10,TI,I,PINTO,28,113,PINTO,B2,Calle del Ferrocarril N 4,20190919,20181105,,6981.1421,30,5,93,299,,,5__3_____2_IT_1_5_56__607_TI_I_10,,,,5__3___,6981.14908606144
335,5_361622_60__615_I,20230414,5,361622,C10,C-10,1,1,60,,615,9,TI,I,POZUELO,28,115,POZUELO DE ALARCON,B1,Calle   Estación N 2,20180312,20170126,,2616.1886,30,5,93,303,,,5__10_____1_IT_1_5_60__615_TI_I_9,,,,5__10___,2616.19263688682
336,5_361623_60__616_I,20230414,5,361623,C10,C-10,2,1,60,,616,13,TI,I,POZUELO,28,115,POZUELO DE ALARCON,B1,Calle   Estación N 2,20180312,20170126,,1204.3029,30,5,93,303,,,5__10_____2_IT_1_5_60__616_TI_I_13,,,,5__10___,1204.29458447276
337,5_364227_60__616_I,20230414,5,364227,C7,C-7,2,1,60,,616,3,TI,I,POZUELO,28,115,POZUELO DE ALARCON,B1,Calle   Estación N 2,20190919,20181105,,1204.3029,30,5,93,303,,,5__7_____2_IT_1_5_60__616_TI_I_3,,,,5__7___,1204.29458447276
338,5_364226_60__615_I,20230414,5,364226,C7,C-7,1,1,60,,615,22,TI,I,POZUELO,28,115,POZUELO DE ALARCON,B1,Calle   Estación N 2,20190919,20181105,,2616.1886,30,5,93,303,,,5__7_____1_IT_1_5_60__615_TI_I_22,,,,5__7___,2616.19263688682
339,5_364224_67__629_I,20230414,5,364224,C3A,C-3a,1,1,67,,629,26,TI,I,ROBLEDO DE CHAVELA,28,125,ROBLEDO DE CHAVELA,C2,Calle de Francisco Quevedo N 295,20190919,20181105,,8370.4539,30,5,93,320,,,5__3_A____1_IT_1_5_67__629_TI_I_26,,,,5__3_A__,8370.54104404818
340,5_364225_67__630_I,20230414,5,364225,C3A,C-3a,2,1,67,,630,2,TI,I,ROBLEDO DE CHAVELA,28,125,ROBLEDO DE CHAVELA,C2,Calle de Francisco Quevedo N 295,20190919,20181105,,6755.9345,30,5,93,320,,,5__3_A____2_IT_1_5_67__630_TI_I_2,,,,5__3_A__,6755.95007969785
341,5_361622_44__584_I,20230414,5,361622,C10,C-10,1,1,44,,584,4,TI,I,"MATAS, LAS",28,127,"ROZAS DE MADRID, LAS",B2,Plaza del Ferrocarril N 1,20180312,20170126,,6096.915,30,5,93,270,,,5__10_____1_IT_1_5_44__584_TI_I_4,,,,5__10___,6096.91755145191
342,5_361623_44__583_I,20230414,5,361623,C10,C-10,2,1,44,,583,18,TI,I,"MATAS, LAS",28,127,"ROZAS DE MADRID, LAS",B2,Plaza del Ferrocarril N 1,20180312,20170126,,3541.3729,30,5,93,270,,,5__10_____2_IT_1_5_44__583_TI_I_18,,,,5__10___,3541.3933255476
343,5_364224_44__583_I,20230414,5,364224,C3A,C-3a,1,1,44,,583,18,TI,I,"MATAS, LAS",28,127,"ROZAS DE MADRID, LAS",B2,Plaza del Ferrocarril N 1,20190919,20181105,,3541.3729,30,5,93,270,,,5__3_A____1_IT_1_5_44__583_TI_I_18,,,,5__3_A__,3541.3933255476
344,5_364228_44__583_I,20230414,5,364228,C8,C-8,1,1,44,,583,24,TI,I,"MATAS, LAS",28,127,"ROZAS DE MADRID, LAS",B2,Plaza del Ferrocarril N 1,20190919,20181105,,3541.3729,30,5,93,270,,,5__8_____1_IT_1_5_44__583_TI_I_24,,,,5__8___,3541.3933255476
345,5_364229_44__584_I,20230414,5,364229,C8,C-8,2,1,44,,584,9,TI,I,"MATAS, LAS",28,127,"ROZAS DE MADRID, LAS",B2,Plaza del Ferrocarril N 1,20190919,20181105,,6096.9151,30,5,93,270,,,5__8_____2_IT_1_5_44__584_TI_I_9,,,,5__8___,6096.91755145191
346,5_364225_44__584_I,20230414,5,364225,C3A,C-3a,2,1,44,,584,10,TI,I,"MATAS, LAS",28,127,"ROZAS DE MADRID, LAS",B2,Plaza del Ferrocarril N 1,20190919,20181105,,6096.9151,30,5,93,270,,,5__3_A____2_IT_1_5_44__584_TI_I_10,,,,5__3_A__,6096.91755145191
347,5_361622_55__606_I,20230414,5,361622,C10,C-10,1,1,55,,606,5,TI,I,PINAR DE LAS ROZAS,28,127,"ROZAS DE MADRID, LAS",B2,Lugar   Estación Ferrocarril El Pinar N 1,20180312,20170126,,3541.9818,30,5,93,297,,,5__10_____1_IT_1_5_55__606_TI_I_5,,,,5__10___,3542.00218987052
348,5_361623_55__605_I,20230414,5,361623,C10,C-10,2,1,55,,605,17,TI,I,PINAR DE LAS ROZAS,28,127,"ROZAS DE MADRID, LAS",B2,Lugar   Estación Ferrocarril El Pinar N 1,20180312,20170126,,3379.323,30,5,93,297,,,5__10_____2_IT_1_5_55__605_TI_I_17,,,,5__10___,3379.34031058757
349,5_364224_55__605_I,20230414,5,364224,C3A,C-3a,1,1,55,,605,17,TI,I,PINAR DE LAS ROZAS,28,127,"ROZAS DE MADRID, LAS",B2,Lugar   Estación Ferrocarril El Pinar N 1,20190919,20181105,,14902.5837,30,5,93,297,,,5__3_A____1_IT_1_5_55__605_TI_I_17,,,,5__3_A__,14902.5216722187
350,5_364228_55__605_I,20230414,5,364228,C8,C-8,1,1,55,,605,23,TI,I,PINAR DE LAS ROZAS,28,127,"ROZAS DE MADRID, LAS",B2,Lugar   Estación Ferrocarril El Pinar N 1,20190919,20181105,,14902.5837,30,5,93,297,,,5__8_____1_IT_1_5_55__605_TI_I_23,,,,5__8___,14902.5216722187
351,5_364229_55__606_I,20230414,5,364229,C8,C-8,2,1,55,,606,10,TI,I,PINAR DE LAS ROZAS,28,127,"ROZAS DE MADRID, LAS",B2,Lugar   Estación Ferrocarril El Pinar N 1,20190919,20181105,,3541.9818,30,5,93,297,,,5__8_____2_IT_1_5_55__606_TI_I_10,,,,5__8___,3542.00218987052
352,5_364225_55__606_I,20230414,5,364225,C3A,C-3a,2,1,55,,606,11,TI,I,PINAR DE LAS ROZAS,28,127,"ROZAS DE MADRID, LAS",B2,Lugar   Estación Ferrocarril El Pinar N 1,20190919,20181105,,3541.9818,30,5,93,297,,,5__3_A____2_IT_1_5_55__606_TI_I_11,,,,5__3_A__,3542.00218987052
353,5_361622_68__631_I,20230414,5,361622,C10,C-10,1,1,68,,631,6,TI,I,"ROZAS, LAS",28,127,"ROZAS DE MADRID, LAS",B2,Calle de la Vía de Servicio de las Rozas N 1,20180312,20170126,,3359.663,30,5,93,322,,,5__10_____1_IT_1_5_68__631_TI_I_6,,,,5__10___,3359.68061353106
354,5_361623_68__632_I,20230414,5,361623,C10,C-10,2,1,68,,632,16,TI,I,"ROZAS, LAS",28,127,"ROZAS DE MADRID, LAS",B2,Calle de la Vía de Servicio de las Rozas N 1,20180312,20170126,,3034.1627,30,5,93,322,,,5__10_____2_IT_1_5_68__632_TI_I_16,,,,5__10___,3034.16560293001
355,5_364227_68__632_I,20230414,5,364227,C7,C-7,2,1,68,,632,6,TI,I,"ROZAS, LAS",28,127,"ROZAS DE MADRID, LAS",B2,Calle de la Vía de Servicio de las Rozas N 1,20190919,20181105,,3034.1627,30,5,93,322,,,5__7_____2_IT_1_5_68__632_TI_I_6,,,,5__7___,3034.16560293001
356,5_364226_68__631_I,20230414,5,364226,C7,C-7,1,1,68,,631,19,TI,I,"ROZAS, LAS",28,127,"ROZAS DE MADRID, LAS",B2,Calle de la Vía de Servicio de las Rozas N 1,20190919,20181105,,15458.3932,30,5,93,322,,,5__7_____1_IT_1_5_68__631_TI_I_19,,,,5__7___,15458.3372950271
357,5_364224_76__647_T,20230414,5,364224,C3A,C-3a,1,1,76,,647,27,TI,T,SANTA MARÍA DE LA ALAMEDA,28,135,SANTA MARIA DE LA ALAMEDA,C2,Calle   Doce de Octubre N 20,20190919,20181105,,6759.1373,30,5,93,341,,,5__3_A____1_IT_1_5_76__647_TI_T_27,,,,5__3_A__,6759.13732760021
358,5_330338_81__663_I,20230414,5,330338,C2,C-2,1,1,81,,663,8,TI,I,TORREJÓN DE ARDOZ,28,148,TORREJON DE ARDOZ,B2,Paseo   Estación N 3,20010621,19930101,,3416.3093,30,5,93,351,,,5__2_____1_IT_1_5_81__663_TI_I_8,,,,5__2___,3416.33972958164
359,5_330357_81__664_I,20230414,5,330357,C2,C-2,2,1,81,,664,12,TI,I,TORREJÓN DE ARDOZ,28,148,TORREJON DE ARDOZ,B2,Paseo   Estación N 3,20010621,19930101,,4813.1263,30,5,93,351,,,5__2_____2_IT_1_5_81__664_TI_I_12,,,,5__2___,4813.15638995308
360,5_364227_81__664_I,20230414,5,364227,C7,C-7,2,1,81,,664,21,TI,I,TORREJÓN DE ARDOZ,28,148,TORREJON DE ARDOZ,B2,Paseo   Estación N 3,20190919,20181105,,4813.1263,30,5,93,351,,,5__7_____2_IT_1_5_81__664_TI_I_21,,,,5__7___,4813.15638995308
361,5_364228_81__663_I,20230414,5,364228,C8,C-8,1,1,81,,663,8,TI,I,TORREJÓN DE ARDOZ,28,148,TORREJON DE ARDOZ,B2,Paseo   Estación N 3,20190919,20181105,,3416.3093,30,5,93,351,,,5__8_____1_IT_1_5_81__663_TI_I_8,,,,5__8___,3416.33972958164
362,5_364229_81__664_I,20230414,5,364229,C8,C-8,2,1,81,,664,25,TI,I,TORREJÓN DE ARDOZ,28,148,TORREJON DE ARDOZ,B2,Paseo   Estación N 3,20190919,20181105,,4813.1263,30,5,93,351,,,5__8_____2_IT_1_5_81__664_TI_I_25,,,,5__8___,4813.15638995308
363,5_364226_81__663_I,20230414,5,364226,C7,C-7,1,1,81,,663,4,TI,I,TORREJÓN DE ARDOZ,28,148,TORREJON DE ARDOZ,B2,Paseo   Estación N 3,20190919,20181105,,3416.8944,30,5,93,351,,,5__7_____1_IT_1_5_81__663_TI_I_4,,,,5__7___,3416.92477157964
364,5_330338_143__1209_I,20230414,5,330338,C2,C-2,1,1,143,,1209,7,TI,I,SOTO DEL HENARES,28,148,TORREJON DE ARDOZ,B2,Paseo de la Democracia N 17,20010621,19930101,,4495.8286,30,5,93,520,,,5__2_____1_IT_1_5_143__1209_TI_I_7,,,,5__2___,4495.87118112574
365,5_330357_143__1210_I,20230414,5,330357,C2,C-2,2,1,143,,1210,13,TI,I,SOTO DEL HENARES,28,148,TORREJON DE ARDOZ,B2,Paseo de la Democracia N 17,20010621,19930101,,3419.8453,30,5,93,520,,,5__2_____2_IT_1_5_143__1210_TI_I_13,,,,5__2___,3419.84525282531
366,5_364227_143__1210_I,20230414,5,364227,C7,C-7,2,1,143,,1210,22,TI,I,SOTO DEL HENARES,28,148,TORREJON DE ARDOZ,B2,Paseo de la Democracia N 17,20190919,20181105,,3419.5736,30,5,93,520,,,5__7_____2_IT_1_5_143__1210_TI_I_22,,,,5__7___,3419.60423997113
367,5_364228_143__1209_I,20230414,5,364228,C8,C-8,1,1,143,,1209,7,TI,I,SOTO DEL HENARES,28,148,TORREJON DE ARDOZ,B2,Paseo de la Democracia N 17,20190919,20181105,,4495.8286,30,5,93,520,,,5__8_____1_IT_1_5_143__1209_TI_I_7,,,,5__8___,4495.87118112574
368,5_364229_143__1210_I,20230414,5,364229,C8,C-8,2,1,143,,1210,26,TI,I,SOTO DEL HENARES,28,148,TORREJON DE ARDOZ,B2,Paseo de la Democracia N 17,20190919,20181105,,3419.8453,30,5,93,520,,,5__8_____2_IT_1_5_143__1210_TI_I_26,,,,5__8___,3419.84525282531
369,5_364226_143__1209_I,20230414,5,364226,C7,C-7,1,1,143,,1209,3,TI,I,SOTO DEL HENARES,28,148,TORREJON DE ARDOZ,B2,Paseo de la Democracia N 17,20190919,20181105,,4495.2437,30,5,93,520,,,5__7_____1_IT_1_5_143__1209_TI_I_3,,,,5__7___,4495.28628058987
370,5_361622_82__666_I,20230414,5,361622,C10,C-10,1,1,82,,666,3,TI,I,TORRELODONES,28,152,TORRELODONES,B3,Plaza de Salvador Sánchez Frascuelo N 6,20180312,20170126,,3861.7155,30,5,93,352,,,5__10_____1_IT_1_5_82__666_TI_I_3,,,,5__10___,3861.72731411685
371,5_361623_82__665_I,20230414,5,361623,C10,C-10,2,1,82,,665,19,TI,I,TORRELODONES,28,152,TORRELODONES,B3,Plaza de Salvador Sánchez Frascuelo N 6,20180312,20170126,,6098.7778,30,5,93,352,,,5__10_____2_IT_1_5_82__665_TI_I_19,,,,5__10___,6098.78012990997
372,5_364224_82__665_I,20230414,5,364224,C3A,C-3a,1,1,82,,665,19,TI,I,TORRELODONES,28,152,TORRELODONES,B3,Plaza de Salvador Sánchez Frascuelo N 6,20190919,20181105,,6098.7778,30,5,93,352,,,5__3_A____1_IT_1_5_82__665_TI_I_19,,,,5__3_A__,6098.78012990997
373,5_364228_82__665_I,20230414,5,364228,C8,C-8,1,1,82,,665,25,TI,I,TORRELODONES,28,152,TORRELODONES,B3,Plaza de Salvador Sánchez Frascuelo N 6,20190919,20181105,,6098.7778,30,5,93,352,,,5__8_____1_IT_1_5_82__665_TI_I_25,,,,5__8___,6098.78012990997
374,5_364229_82__666_I,20230414,5,364229,C8,C-8,2,1,82,,666,8,TI,I,TORRELODONES,28,152,TORRELODONES,B3,Plaza de Salvador Sánchez Frascuelo N 6,20190919,20181105,,3861.7155,30,5,93,352,,,5__8_____2_IT_1_5_82__666_TI_I_8,,,,5__8___,3861.72731411685
375,5_364225_82__666_I,20230414,5,364225,C3A,C-3a,2,1,82,,666,9,TI,I,TORRELODONES,28,152,TORRELODONES,B3,Plaza de Salvador Sánchez Frascuelo N 6,20190919,20181105,,3861.7155,30,5,93,352,,,5__3_A____2_IT_1_5_82__666_TI_I_9,,,,5__3_A__,3861.72731411685
376,5_364224_86__674_I,20230414,5,364224,C3A,C-3a,1,1,86,,674,3,TI,I,VALDEMORO,28,161,VALDEMORO,B3,Paseo de la Estación N 86,20190919,20181105,,6510.9315,30,5,92,364,,,5__3_A____1_IT_1_5_86__674_TI_I_3,,,,5__3_A__,6510.94322074932
377,5_364225_86__673_I,20230414,5,364225,C3A,C-3a,2,1,86,,673,25,TI,I,VALDEMORO,28,161,VALDEMORO,B3,Paseo de la Estación N 86,20190919,20181105,,6313.7687,30,5,92,364,,,5__3_A____2_IT_1_5_86__673_TI_I_25,,,,5__3_A__,6313.7740464361
378,5_364222_86__674_I,20230414,5,364222,C3,C-3,1,1,86,,674,3,TI,I,VALDEMORO,28,161,VALDEMORO,B3,Paseo de la Estación N 86,20190919,20181105,,6510.9315,30,5,92,364,,,5__3_____1_IT_1_5_86__674_TI_I_3,,,,5__3___,6510.94322074932
379,5_364223_86__673_I,20230414,5,364223,C3,C-3,2,1,86,,673,11,TI,I,VALDEMORO,28,161,VALDEMORO,B3,Paseo de la Estación N 86,20190919,20181105,,6313.7687,30,5,92,364,,,5__3_____2_IT_1_5_86__673_TI_I_11,,,,5__3___,6313.7740464361
380,5_364224_94__687_I,20230414,5,364224,C3A,C-3a,1,1,94,,687,25,TI,I,ZARZALEJO,28,183,ZARZALEJO,C2,Calle del Ferrocarril SN 13,20190919,20181105,,6341.3352,30,5,93,375,,,5__3_A____1_IT_1_5_94__687_TI_I_25,,,,5__3_A__,6341.37472462243
381,5_364225_94__688_I,20230414,5,364225,C3A,C-3a,2,1,94,,688,3,TI,I,ZARZALEJO,28,183,ZARZALEJO,C2,Calle del Ferrocarril SN 13,20190919,20181105,,8375.2256,30,5,93,375,,,5__3_A____2_IT_1_5_94__688_TI_I_3,,,,5__3_A__,8375.31287044433
382,5_340744_83__668_I,20230414,5,340744,C4B,C-4b,1,1,83,,668,14,TI,I,TRES CANTOS,28,903,TRES CANTOS,B2,Plaza de la Estación N 1,20090625,20090625,,4664.6702,30,5,92,353,,,5__4_B____1_IT_1_5_83__668_TI_I_14,,,,5__4_B__,4664.68326002453
383,5_340745_83__667_I,20230414,5,340745,C4B,C-4b,2,1,83,,667,2,TI,I,TRES CANTOS,28,903,TRES CANTOS,B2,Plaza de la Estación N 1,20090625,20090625,,10775.8356,30,5,92,353,,,5__4_B____2_IT_1_5_83__667_TI_I_2,,,,5__4_B__,10775.8315702183
384,5_345745_23__541_T,20230414,5,345745,C9,C-9,1,1,23,,541,3,TI,T,COTOS,40,181,SAN ILDEFONSO,C2,Ctra   M-604 (de la A-1 al Puerto de Navacerrada) N 1,20110919,20110922,,7070.6282,30,5,93,178,,,5__9_____1_IT_1_5_23__541_TI_T_3,,,,5__9___,7070.62818665914
