OBJECTID,IDESTACION,FECHAACTUAL,MODO,CODIGOESTACION,DENOMINACION,OBSERVACIONES,SITUACION,CODIGOCTMESTACIONREDMETRO,CODIGOEMPRESA,DENOMINACIONABREVIADA,MODOINTERCAMBIADOR,CODIGOINTERCAMBIADOR,TIPO,CODIGOPROVINCIA,CODIGOMUNICIPIO,CODIGOENTIDAD,CODIGONUCLEO,CODIGOVIA,TIPOVIA,PARTICULA,NOMBREVIA,TIPONUMERO,NUMEROPORTAL,CALIFICADORPORTAL,CARRETERA,CODIGOPOSTAL,DISTRITO,SECCIONCENSAL,BARRIO,TESELA,SECTORURBANO,SECTOR,CORREDOR,CORONATARIFARIA,CORONA123,ZONATRANSPORTE,ENCUESTADOMICILIARIA,ENCUESTAAFOROS,HOJA25000,ACONDICIONAMIENTOVIAJEROS,ACONDICIONAMIENTOVEHICULOS,FECHAALTA,FECHAINICIO,FECHAFIN,X,Y,GRADOACCESIBILIDAD,SITUACIONCALLE,DENOMINACION_SAE,INTERURBANOS_CODIGOEMT_CRTM,INTERURBANOS_CODIGOEMT_EMPRESA,LINEAS
1,5_70,20230414,5,70,SAN CRISTÓBAL INDUSTRIAL,Ndup-E,S,70,60101,,93,330,U,28,079,07901,0790101,A0043,Acces,a la,Colonia Marconi,N,11,,,28021,17,106,171,T07916155,0790101856,,4,A,2,079-17-485,485,58,582-1,2,3,20030331,19860101,,440757,4465039,P,,,,,"C-3, C-3a"
2,5_69,20230414,5,69,SAN CRISTÓBAL DE LOS ANGELES,,S,69,60107,,93,329,U,28,079,07901,0790101,09529,Calle,de,Paterna,N,17,,,28021,17,044,172,T07915970,0790101859,,4,A,2,079-17-488,488,37,559-4,2,3,20030331,19860101,,442029,4466189,T,,,,,"C-3, C-3a"
3,5_85,20230414,5,85,VALDELASFUENTES,,I,85,19002,,93,363,U,28,006,00601,0060101,A0199,Calle,del,Marqués de la Valdavia,N,140,,,28100,01,057,,T006123,0060101033,,1,B1,3,006-006,591,,534-4,2,3,20030331,19860101,,444704,4488934,T,,,,,C-4
4,5_84,20230414,5,84,UNIVERSIDAD P. COMILLAS,,S,84,19001,,92,356,U,28,079,07901,0790199,99999,Ctra,del,Goloso,SN,SN,,,28790,08,130,088,T07947,0790199999,,7,B1,3,079-08-142,142,,534-4,2,3,20030331,19860101,,442254,4489687,T,,,,,C-4
5,5_15,20230414,5,15,CANTOBLANCO UNIVERSIDAD,,S,15,17009,,93,32,U,28,079,07901,0790101,C1608,Calle,de,Freud,N,3,,,28049,08,130,088,T079101,0790101923,2,7,B1,3,079-08-142,142,9,534-3,2,3,20030331,19860101,,440805,4488558,T,,,,,C-4
6,5_31,20230414,5,31,FUENCARRAL,,S,31,17001,,92,216,U,28,079,07901,0790101,08960,Calle,de,Antonio de Cabezón,N,10,,,28034,08,128,086,T079530,0790101008,,7,A,2,079-08-149,149,23,534-4,2,3,20030331,19860101,,442293,4483859,T,,,,,C-4
7,5_95,20230414,5,95,ZARZAQUEMADA,,E,95,35009,,93,374,U,28,074,07402,0740201,A0144,Avda, ,Europa,N,14,,,28919,05,001,,T074331,0740201001,,4,B1,3,074-007,746,72,,2,3,20030331,19860101,,436553,4466066,P,,,,,C-5
8,5_65,20230414,5,65,RECOLETOS,,I,65,18001,,92,67,U,28,079,07901,0790101,00985,Paseo,de,Recoletos,N,20,,,28001,04,005,041,T0798458,0790101325,1,1,A,1,079-04-070,70,57,559-1,2,3,20030331,19860101,,441504,4475190,N,,,,,"C-1, C-10, C-2, C-7, C-8"
9,5_26,20230414,5,26,DOCE DE OCTUBRE,,I,26,35702,,93,182,U,28,079,07901,0790101,01496,Avda,de,Córdoba,N,39,,,28041,12,019,122,T07913941,0790101672,,4,A,2,079-12-326,326,16,559-3,2,3,20030331,19860101,,440807,4470261,N,,,,,C-5
10,5_82,20230414,5,82,TORRELODONES,,S,82,10103,,93,352,U,28,152,15204,1520401,00474,Plaza,de,Salvador Sánchez Frascuelo,N,6,,,28250,01,005,,T152194,1520401002,,6,B3,3,152-001,1020,64,533-4,2,3,20030331,19860101,,419147,4492172,P,,,,,"C-10, C-3a, C-8"
11,5_3,20230414,5,3,ALCALÁ DE HENARES UNIVERSIDAD,Pl Sector 20,S,3,70107,,93,126,U,28,005,00501,0050101,99999,Ctra,del ,Campus,SN,SN,,,28805,06,017,,T00535,0050101035,,2,B3,3,005-004,860,2,535-4,2,3,20030331,19860101,,471691,4484109,N,,,,,"C-2, C-8"
12,5_63,20230414,5,63,PUERTO NAVACERRADA,,S,63,12020,,93,308,U,28,038,03803,0380301,00588,Calle,de la,Virgen de las Nieves,N,7,,,28470,01,001,,T038100,0380301001,,6,C2,4,038-001,1155,,508-2,2,3,20030331,19860101,,415334,4515518,N,Esq Ctra M-601 (Villalba-Segovia),,,,C-9
13,5_12,20230414,5,12,AZUQUECA,,S,12,70105,,93,151,U,19,046,04601,0460101,99999,Paseo,de la,Estacion,SN,SN,,,,01,001,,T0461,0460101001,,,E1,, ,0,7,535-4,2,3,20030331,19860101,,477636,4490271,P,,,,,"C-2, C-8"
14,5_45,20230414,5,45,MECO,,S,45,70104,,93,271,U,28,083,08301,0830101,10097,Trva,de la,Calera,N,3,,,28880,01,001,,T083249,0830101001,,2,C1,4,083-001,1130,43,535-4,2,3,20030331,19860101,,474816,4487348,N,,,,,"C-2, C-8"
15,5_42,20230414,5,42,MAJADAHONDA,,S,42,10007,,92,263,U,28,080,08022,0802201,A0005,Cmno, ,Estación del Plantío,N,6,,,28221,02,015,,T080165,0802201043,,6,B2,3,080-004,979,41,559-1,2,3,20030331,19860101,,428452,4480950,P,,,,,"C-10, C-7"
16,5_13,20230414,5,13,"BARRIAL-C.COM.POZUELO, EL",Con Vía Ferrocarril,S,13,10010,,93,153,U,28,079,07901,0790101,A0060,Via, ,Ferrocarril,SN,SN,,,28023,09,072,096,T0793232,0790101990,,6,B1,3,079-09-200,200,81,559-1,2,3,20030331,19860101,,431631,4479932,N,,,,,"C-10, C-7"
17,5_44,20230414,5,44,"MATAS, LAS",,S,44,10101,,93,270,U,28,127,12715,1271501,02753,Plaza,del,Ferrocarril,N,1,,,28290,01,008,,T127142,1271501021,,6,B2,3,127-002,1011,33,533-4,2,3,20030331,19860101,,424176,4489678,P,,,,,"C-10, C-3a, C-8"
18,5_55,20230414,5,55,PINAR DE LAS ROZAS,,S,55,10100,,93,297,U,28,127,12715,1271501,02710,Lugar, ,Estación Ferrocarril El Pinar,N,1,,,28232,01,032,,T127387,1271501018,,6,B2,3,127-006,1015,50,533-4,2,3,20030331,19860101,,425385,4486311,N,,,,,"C-10, C-3a, C-8"
19,5_68,20230414,5,68,"ROZAS, LAS",,S,68,10005,,93,322,U,28,127,12704,1270401,A0038,Calle,de la,Vía de Servicio de las Rozas,N,1,,,28231,01,006,,T127599,1270401012,,6,B2,3,127-009,1018,34,558-2,2,3,20030331,19860101,,426543,4483184,N,,,,,"C-10, C-7"
20,5_106,20230414,5,106,"GARENA, LA",,E,106,70111,,92,218,U,28,005,00501,0050101,07030,Calle, ,Fausto Elhuyar,N,6,,,28806,08,029,,T005907,0050101050,,2,B3,3,005-008,864,,560-1,2,3,20040929,20040101,,466785,4481365,P,,,,,"C-2, C-7, C-8"
21,5_71,20230414,5,71,SAN FERNANDO,Con Avda de San Pablo,S,71,70101,,93,333,U,28,049,04901,0490101,10029,Calle, ,Estación de ferrocarril,N,6,,,28823,04,002,,T04913,0490101019,,2,B1,3,049-003,896,59,559-2,2,3,20030331,19860101,,454836,4477235,N,,,,,"C-2, C-7, C-8"
22,5_72,20230414,5,72,SAN JOSÉ DE VALDERAS,,S,72,35604,,93,336,U,28,007,00701,0070101,00171,Calle,de,Sahagún,N,36,,,28925,02,001,,T007262,0070101001,,5,B1,3,007-006,649,60,,2,3,20030331,19860101,,430829,4467857,N,,,,,C-5
23,5_62,20230414,5,62,PUENTE ALCOCER,,I,62,35704,,93,46,U,28,079,07901,0790101,00148,Calle,de,Alcocer,N,54,,,28041,17,029,171,T07915773,0790101995,,4,A,2,079-17-473,473,55,559-3,2,3,20030331,19860101,,440226,4467083,N,,,,,C-5
24,5_59,20230414,5,59,"POZO, EL",,S,59,70003,,91,48,U,28,079,07901,0790101,01987,Avda,de,Entrevías,N,140,,,28053,13,002,131,T07914302,0790101771,3,3,A,2,079-13-374,374,74,559-4,2,3,20030331,19860101,,444402,4469894,N,,,,,"C-2, C-7, C-8"
25,5_87,20230414,5,87,VALLECAS,,E,87,70005,,91,49,U,28,079,07901,0790101,09429,Avda,de la,Democracia,N,1,,,28031,13,128,134,T07913501,0790101776,3,3,A,2,079-13-350,350,67,559-4,2,3,20030331,19860101,,447096,4470575,P,,,,,"C-2, C-7, C-8"
26,5_51,20230414,5,51,NUEVOS MINISTERIOS,"Personal de atención / taquillas: SI
Parking disuasorio: SI",I,51,18002,,90,71,U,28,079,07901,0790101,05080,Calle,de,Raimundo Fernández Villaverde,N,67,,,28046,06,029,062,T0795339,0790101267,1,6,A,1,079-06-120,120,47,559-1,1,3,20030331,19860101,,441398,4477767,T,,,,,"C-1, C-10, C-2, C-3, C-3a, C-4, C-7, C-8"
27,5_92,20230414,5,92,VILLAVERDE ALTO,,S,92,37001,,91,82,U,28,079,07901,0790101,45300,Calle,del,Valle de Tobalina,N,56,,,28021,17,106,171,T07916147,0790101855,3,4,A,2,079-17-484,484,70,559-3,2,3,20030331,19860101,,439643,4466082,T,,,,,"C-4, C-5"
28,5_11,20230414,5,11,ATOCHA,,I,11,18000,,90,54,U,28,079,07901,0790101,01357,Avda,de la,Ciudad de Barcelona,N,2,B,,28007,02,083,027,T07910055,0790101717,1,4,A,1,079-02-033,33,8,559-3,2,3,20030331,19860101,,441621,4473322,T,,,,,"C-1, C-10, C-2, C-3, C-3a, C-4, C-5, C-7, C-8"
29,5_115,20230414,5,115,"LOSA-NAVAS DE RIOFRIO, LA",,S,115,12014,,,,U,40,904,,,99999,Calle,de la,Estación,N,3,,, ,,,,,,,, ,, ,0,,483-3,2,3,20080402,20080402,,403927,4523678,T,,,,,
30,5_118,20230414,5,118,NAVALPERAL,,S,118,10208,,,,U,05,161,16101,,99999,Calle,,DESCONOCIDA,N,SN,,, ,01,,,,,,, ,, ,0,,532-1,2,3,20080402,20080402,,380953,4494477,T,,,,,
31,5_16,20230414,5,16,CERCEDILLA,Posee Parking sin plazas PMRs,S,16,12006,,93,169,U,28,038,03802,0380201,00026,Calle,del,Cascajal,N,7,,,28470,01,003,,T038213,0380201011,,6,C2,4,038-001,1155,10,508-3,1,3,20030331,19860101,,410110,4510379,P,,,,,"C-8, C-9"
32,5_52,20230414,5,52,ORCASITAS,,S,52,35703,,93,286,U,28,079,07901,0790101,09528,Calle,de,Campotejar,N,24,,,28041,12,018,122,T07914920,0790101821,,4,A,2,079-12-334,334,48,559-3,2,3,20030331,19860101,,440304,4468927,N,,,,,C-5
33,5_104,20230414,5,104,HUMANES,,S,104,35012,,93,235,U,28,073,07301,0730199,00522,Calle, ,Cenicientos,N,26,,,28970,01,004,,T073171,0730199999,,4,B3,3,073-002,738,,582-1,2,3,20040929,20040101,,429656,4456669,P,,,,,C-5
34,5_113,20230414,5,113,"ESPINAR, EL",,S,113,12010,,93,209,U,40,076,07601,,99999,Plaza,de la,Estación,N,SN,,,,01,001,,T0761,,,,SZ,, ,0,,507-4,2,3,20080402,20080402,,399676,4510875,T,,,,,
35,5_77,20230414,5,77,"SERNA, LA",,S,77,35010,,93,343,U,28,058,05801,0580102,A0055,Calle, ,Barcelona,N,28,,,28941,06,001,,T058179,0580102029,,4,B2,3,058-008,683,30,582-1,2,3,20030331,19860101,,432757,4461200,P,,,,,C-5
36,5_36,20230414,5,36,GETAFE SECTOR 3,,S,36,37011,,93,220,U,28,065,06503,0650301,A0172,Calle,del,Cementerio Municipal,SN,SN,,,28906,01,014,,T065818,0650301022,,4,B1,3,065-028,732,82,582-1,2,3,20030331,19860101,,437436,4460219,T,,,,,C-4
37,5_43,20230414,5,43,"MARGARITAS-UNIVERSIDAD, LAS",,S,43,37010,,92,267,U,28,065,06503,0650301,A0460,Calle, ,Madrid,N,152,,,28903,02,013,,T06567,0650301036,,4,B1,3,065-002,706,32,582-1,2,3,20030331,19860101,,438314,4464074,T,,,,,C-4
38,5_93,20230414,5,93,VILLAVERDE BAJO,,S,93,60100,,92,23,U,28,079,07901,0790101,02052,Paseo,de la,Estación,N,2,,,28021,17,057,174,T07915541,0790101839,3,4,A,2,079-17-482,482,71,559-4,2,3,20030331,19860101,,442026,4467330,T,,,,,"C-3, C-3a, C-4"
39,5_91,20230414,5,91,VILLALBA,,S,91,10200,,92,371,U,28,047,04705,0470501,A0107,Plaza,de la,Estación,N,1,,,28400,01,011,,T047414,0470501006,,6,B3,3,047-006,968,69,533-2,2,3,20030331,19860101,,414849,4497977,P,,,,,"C-10, C-3a, C-8"
40,5_97,20230414,5,97,ÁVILA,Cerro Hervero. Ávila (ÁVILA),S,97,10400,,,,U,05,019,01901,,99999,Parcela,,40 Polígono 19,SN,SN,,, ,01,,,,,,, ,, ,0,97,,2,3,20030331,19860101,,359641,4502372,T,,,,,
41,5_98,20230414,5,98,ARCOS DE JALÓN,El Pozo. Arcos de Jalon (SORIA),S,98,70403,,,,U,42,025,02501,,99999,Parcela,,84 Polígono 31,SN,SN,,, ,01,,,,,,, ,, ,0,108,,2,3,20030331,19860101,,563341,4557774,T,,,,,
42,5_23,20230414,5,23,COTOS,Con Ctra a Valdesquí,S,23,12023,,93,178,C,40,181,12001,1200101,A0046,Ctra, ,M-604 (de la A-1 al Puerto de Navacerrada),N,1,,,,01,001,,T1201,1200101001,,,C2,, ,0,,508-2,2,3,20030331,19860101,,418773,4519681,N,,,,,C-9
43,5_99,20230414,5,99,SEGOVIA,Fuente Zapatera. Segovia (HONTORIA),S,99,12100,,,,U,40,194,,,99999,Parcela,,292 Polígono 9,SN,SN,,, ,,,,,,,, ,, ,0,102,,2,3,20030331,19860101,,403456,4529896,T,,,,,
44,5_100,20230414,5,100,SIGÜENZA,El Monte. Siguenza (ALCUENZA) (GUADALAJARA),S,100,70302,,,,U,19,257,,,99999,Parcela,,6035 Polígono 502,SN,SN,,, ,,,,,,,, ,, ,0,107,,2,3,20030331,19860101,,531217,4550244,T,,,,,
45,5_101,20230414,5,101,TOLEDO,"FC Alberquilla-DSA
La alberquilla. Toledo (TOLEDO)",S,101,92102,,,,U,45,168,16801,,99999,Parcela,,2 Polígono 95,SN,SN,,, ,01,,,,,,, ,, ,0,100,,2,3,20030331,19860101,,415021,4413913,T,,,,,
46,5_142,20230414,5,142,AEROPUERTO T4,,I,142,98305,,90,33,U,28,079,07901,0790101,20169,Ctra,de,Alcobendas a Barajas,SN,SN,,,28042,21,028,214,T079916658,0790101240,4,2,A,1,079-21-575,575,,559-2,2,3,20110914,20110915,,449828,4482718,N,,,,,"C-1, C-10"
47,5_121,20230414,5,121,MEDINA DEL CAMPO,,S,121,10500,,,,U,47,085,08501,,99999,Avda.,de la,Estación,SN,SN,,, ,01,,,,,,, ,, ,0,,427-2,2,3,20081030,20080101,,340254,4575951,T,,,,,
48,5_117,20230414,5,117,"NAVAS DEL MARQUÉS, LAS",,S,117,10207,,,,U,05,168,16801,,99999,Calle,,DESCONOCIDA,N,SN,,, ,01,,,,,,, ,, ,0,,532-1,2,3,20080402,20080402,,384898,4494257,T,,,,,
49,5_116,20230414,5,116,ARÉVALO,,S,116,10409,,,,U,05,016,01601,,99999,Calle,,Renfe,N,2,,, ,01,,,,,,, ,, ,0,,455-3,2,3,20080402,20080402,,357036,4545704,T,,,,,
50,5_60,20230414,5,60,POZUELO,,S,60,10002,,93,303,U,28,115,11504,1150401,A0255,Calle, ,Estación,N,2,,,28224,02,004,,T115197,1150401010,,6,B1,3,115-009,996,53,559-1,2,3,20030331,19860101,,432259,4477916,N,,,,,"C-10, C-7"
51,5_38,20230414,5,38,GUADALAJARA,Estación RENFE,S,38,70200,,93,224,U,19,130,13002,1300201,99999,Plaza,de la,Estación,SN,SN,,,,01,001,,T1301,1300201001,,,E1,, ,0,28,536-1,2,3,20030331,19860101,,484688,4499472,N,,,,,"C-2, C-8"
52,5_21,20230414,5,21,COLMENAR VIEJO,,S,21,17005,,93,174,U,28,045,04505,0450501,99999,Calle,de la,Doctora Nogales de la Morena,SN,SN,,,28770,01,016,,T045610,0450501001,,7,B3,3,045-003,611,,534-1,2,3,20030331,19860101,,434520,4499843,T,,,,,C-4
53,5_83,20230414,5,83,TRES CANTOS,,S,83,17004,,92,353,U,28,903,90301,9030103,00285,Plaza,de la,Estación,N,1,,,28760,01,016,,T903274,9030103009,,7,B2,3,903-007,640,65,534-1,2,3,20030331,19860101,,439558,4494635,P,,,,,C-4
54,5_37,20230414,5,37,"GOLOSO, EL",El goloso. Madrid (MADRID-FUENCARRAL) (MADRID),S,37,17003,,93,221,U,28,079,07901,0790199,99999,Ctra,de,Colmenar Viejo,SN,SN,,,28790,08,130,088,T07954,0790199999,,7,B1,3,079-08-142,142,18,534-3,2,3,20030331,19860101,,439656,4490209,N,,,,,C-4
55,5_64,20230414,5,64,RAMÓN Y CAJAL,,S,64,97201,,92,311,U,28,079,07901,0790101,08431,Calle,de,San Modesto,N,50,,,28034,08,111,086,T0791097,0790101069,,7,A,2,079-08-187,187,56,559-1,2,3,20030331,19860101,,441232,4482389,N,,,,,"C-3a, C-7, C-8"
56,5_76,20230414,5,76,SANTA MARÍA DE LA ALAMEDA,,S,76,10206,,93,341,U,28,135,13501,1350101,A0055,Calle, ,Doce de Octubre,N,20,,,28296,01,001,,T135128,1350101001,,6,C2,4,135-001,1169,94,532-4,2,3,20030331,19860101,,392663,4491886,T,,,,,C-3a
57,5_67,20230414,5,67,ROBLEDO DE CHAVELA,,S,67,10205,,93,320,U,28,125,12502,1250201,00210,Calle,de,Francisco Quevedo,N,295,,,28294,01,001,,T12515,1250201009,,6,C2,4,125-001,1166,93,532-4,2,3,20030331,19860101,,394502,4486515,T,,,,,C-3a
58,5_96,20230414,5,96,"ZORRERAS, LAS",,S,96,10202,,93,376,U,28,054,05406,0540601,00797,Calle, ,Alcudia,N,26,,,28292,01,004,,T054116,0540601010,,6,C1,4,054-002,1158,35,533-1,2,3,20030331,19860101,,411616,4496133,N,,,,,C-3a
59,5_74,20230414,5,74,SAN YAGO,,S,74,10201,,93,339,U,28,061,06106,0610601,A0561,Avda, ,Saltos del Sil,N,1,,,28292,01,009,,T06186,0610601001,,6,C1,4,061-001,971,61,533-1,2,3,20030331,19860101,,412892,4497056,N,,,,,C-3a
60,5_10,20230414,5,10,ASAMBLEA DE MADRID-ENTREVÍAS,,S,10,70002,,93,145,U,28,079,07901,0790101,06477,Calle,del,Vizconde de Arlessón,N,45,,,28053,13,023,131,T07913451,0790101766,,3,A,2,079-13-372,372,20,559-4,2,3,20030331,19860101,,443408,4470542,N,,,,,"C-2, C-7, C-8"
61,5_75,20230414,5,75,SANTA EUGENIA,,S,75,70109,,93,340,U,28,079,07901,0790101,10280,Avda,de,Santa Eugenia,N,2,,,28031,18,039,182,T07912787,0790101788,,3,A,2,079-18-504,504,62,559-4,2,3,20030331,19860101,,448415,4471096,N,,,,,"C-2, C-7, C-8"
62,5_2,20230414,5,2,ALCALÁ DE HENARES,Con Calle de Valdetorres,S,2,70103,,93,125,U,28,005,00501,0050101,A0549,Calle, ,Pedro Lainez,N,2,,,28807,07,004,,T005571,0050101029,,2,B3,3,005-018,874,1,560-1,2,3,20030331,19860101,,469063,4482309,N,,,,,"C-2, C-7, C-8"
63,5_81,20230414,5,81,TORREJÓN DE ARDOZ,Con Calle Pamplona,S,81,70102,,93,351,U,28,148,14801,1480101,01866,Paseo, ,Estación,N,3,,,28850,03,005,,T148376,1480101026,,2,B2,3,148-009,940,63,560-1,2,3,20030331,19860101,,459425,4478534,N,,,,,"C-2, C-7, C-8"
64,5_7,20230414,5,7,ALUCHE,,I,7,35600,,90,1,U,28,079,07901,0790101,08718,Calle,de,Valmojado,N,293,,,28047,10,091,104,T07912935,0790101642,3,5,A,2,079-10-256,256,4,559-3,2,3,20030331,19860101,,435539,4471045,N,,,,,C-5
65,5_28,20230414,5,28,EMBAJADORES,,I,28,35609,,92,10,U,28,079,07901,0790101,01925,Gta,de,Embajadores,N,1,,,28012,01,039,012,T07910437,0790101612,1,5,A,1,079-01-022,22,21,559-3,2,3,20030331,19860101,,440489,4473168,P,,,,,C-5
66,5_53,20230414,5,53,PARLA,,S,53,37012,,92,100,U,28,106,10601,1060102,00113,Calle,,Real,N,81,,,28981,01,003,,T106171,1060102001,7,4,B2,3,106-005,819,49,582-3,2,3,20030331,19860101,,434668,4454972,T,,,,,C-4
67,5_61,20230414,5,61,PRÍNCIPE PÍO,Con Vía Ferrocarril,I,61,10000,,90,18,U,28,079,07901,0790101,02239,Paseo,de la,Florida,N,2,,,28008,09,010,091,T0798149,0790101315,1,6,A,1,079-09-230,230,54,559-1,2,3,20030331,19860101,,439007,4474950,N,,,,,"C-1, C-10, C-7"
68,5_46,20230414,5,46,MÉNDEZ ÁLVARO,,I,46,35701,,90,13,U,28,079,07901,0790101,11713,Calle,del,Ombu,N,16,,,28045,02,083,027,T07911253,0790101720,1,4,A,1,079-02-044,44,44,559-4,2,3,20030331,19860101,,442564,4472070,P,,,,,"C-1, C-10, C-5"
69,5_133,20230414,5,133,FUENTE DE LA MORA,,I,133,98003,,92,102,U,28,079,07901,0790101,C0361,Calle,de,Dulce Chacón,N,15,,,28050,16,106,166,T0791209,0790101154,4,7,A,1,079-16-436,436,,559-2,2,3,20110329,20110329,,443933,4481980,T,,,,,"C-1, C-10"
70,5_112,20230414,5,112,ARIZA,,S,112,70500,,,,U,50,034,03401,0340101,99999,Calle,,Ferrocarril,N,2,,, ,01,001,,,,,, ,, ,0,,436-1,2,3,20080306,20080306,,578832,4573763,T,,,,,
71,5_66,20230414,5,66,"RETAMAS, LAS",,E,66,35610,,93,313,U,28,007,00701,0070101,02573,Avda,de,Retamas,N,2,,,28922,01,017,,T007593,0070101016,,5,B1,3,007-013,656,,559-3,2,3,20030331,19860101,,428560,4466253,P,,,,,C-5
72,5_94,20230414,5,94,ZARZALEJO,,S,94,10204,,93,375,U,28,183,18301,1830101,A0041,Calle,del,Ferrocarril,SN,13,,,28293,01,001,,T183140,1830101001,,5,C2,4,183-001,1172,92,533-3,2,3,20030331,19860101,,402029,4488404,T,,,,,C-3a
73,5_20,20230414,5,20,COLLADO MEDIANO,,S,20,12004,,93,173,U,28,046,04601,0460101,A0163,Paseo,de los,Rosales,N,47,,,28450,01,001,,T046153,0460101008,,6,C1,4,046-001,1156,13,508-3,2,3,20030331,19860101,,412587,4505374,N,,,,,C-8
74,5_47,20230414,5,47,"MOLINOS, LOS",,S,47,12005,,93,276,U,28,087,08701,0870102,A0072,Gta,de la,Estación,N,2,,,28460,01,002,,T087192,0870102007,,6,C2,4,087-001,1161,38,508-3,2,3,20030331,19860101,,409992,4507025,N,,,,,C-8
75,5_6,20230414,5,6,ALPEDRETE,,S,6,12002,,93,134,U,28,010,01001,0100101,A0088,Cmno,de la,Estación,N,36,,,28430,01,003,,T010167,0100101004,,6,C1,4,010-001,1152,42,533-1,2,3,20030331,19860101,,412610,4501533,N,,,,,C-8
76,5_50,20230414,5,50,"NEGRALES, LOS",,S,50,12001,,93,279,U,28,010,01018,0101801,A0191,Avda,de la,Reina Victoria,N,47,,,28439,01,005,,T010253,0101801003,,6,C1,4,010-001,1152,39,533-1,2,3,20030331,19860101,,413698,4499346,N,,,,,C-8
77,5_33,20230414,5,33,GALAPAGAR-LA NAVATA,,S,33,10104,,93,217,U,28,061,06108,0610801,A0253,Ctra,de,Galapagar-La Navata,N,154,,,28420,01,007,,T061192,0610801019,,6,B3,3,061-002,972,25,533-2,2,3,20030331,19860101,,417036,4495038,N,,,,,"C-10, C-3a, C-8"
78,5_120,20230414,5,120,GUIMORCONDO,,S,120,10302,,,,U,05,019,01901,,99999,Calle,,DESCONOCIDA,N,SN,,, ,01,,,,,,, ,, ,0,,531-2,2,3,20080403,20080403,,363565,4501255,T,,,,,
79,5_30,20230414,5,30,FANJUL,,I,30,35601,,93,214,U,28,079,07901,0790101,02495,Avda,del,General Fanjul,N,27,,,28044,10,167,107,T07912928,0790101527,,5,A,2,079-10-241,241,22,559-3,2,3,20030331,19860101,,434873,4470831,N,,,,,C-5
80,5_29,20230414,5,29,"ESCORIAL, EL",,S,29,10203,,93,206,U,28,054,05404,0540401,00674,Calle, ,Estación Renfe,N,5,,,28280,02,002,,T054239,0540401006,,6,C1,4,054-001,1157,17,533-1,2,3,20030331,19860101,,404283,4493543,P,,,,,C-3a
81,5_105,20230414,5,105,PARQUE POLVORANCA,,S,105,35011,,93,295,U,28,074,07402,0740299,C0026,Calle, ,Alcalde Francisco Moreno Menéndez,N,4,,,28914,01,018,,T0741409,0740299999,,4,B1,3,074-035,774,,582-1,2,3,20040929,20040101,,433549,4462945,P,,,,,C-5
82,5_49,20230414,5,49,MÓSTOLES EL SOTO,,S,49,35607,,93,278,U,28,092,09201,0920101,A0153,Calle, ,Granada,N,17,,,28935,02,007,,T092143,0920101020,,5,B2,3,092-007,785,46,581-2,2,3,20030331,19860101,,425157,4465065,N,,,,,C-5
83,5_122,20230414,5,122,SOL,,I,122,18101,,90,58,U,28,079,07901,0790101,04980,Plaza,de la,Puerta del Sol,N,6,,,28013,01,119,016,T0799116,0790101560,,5,A,1,079-01-014,14,,solape,2,3,20090625,20090625,,440460,4474469,T,,,,,"C-3, C-3a, C-4"
84,5_103,20230414,5,103,"CASAR, EL",,S,103,60109,,92,93,U,28,065,06503,0650301,A0161,Avda,del,Casar,N,2,,,28903,02,020,,T065223,0650301045,7,4,B1,2,065-005,709,,582-1,2,3,20030421,20030101,,439800,4463554,T,,,,,"C-3, C-3a"
85,5_34,20230414,5,34,GETAFE CENTRO,,I,34,37002,,92,92,U,28,065,06503,0650301,A0299,Calle,,Ferrocarril,N,2,,,28904,03,033,,T065550,0650301031,7,4,B1,2,065-002,706,27,582-1,2,3,20030331,19860101,,437745,4462642,T,,,,,C-4
86,5_119,20230414,5,119,HERRADÓN-LA CAÑADA,,S,119,10300,,,,U,05,093,09301,,99999,Calle,,Mayor,N,SN,,, ,01,,,,,,, ,, ,0,,532-1,2,3,20080403,20080403,,373613,4495553,T,,,,,
87,5_18,20230414,5,18,CHAMARTÍN,Complejo Ferroviario,I,18,17000,,90,25,U,28,079,07901,0790101,00073,Calle,de,Agustín de Foxá,N,40,,,28036,05,094,056,T0791996,0790101150,1,1,A,1,079-05-086,86,11,559-2,2,3,20030331,19860101,,442257,4480589,T,,,,,"C-1, C-10, C-2, C-3, C-3a, C-4, C-7, C-8"
88,5_90,20230414,5,90,VICÁLVARO,,I,90,70100,,91,39,U,28,079,07901,0790101,08410,Calle,de,San Cipriano,N,85,,,28032,19,047,191,T07910783,0790101895,4,3,A,2,079-19-531,531,68,559-4,1,3,20030331,19860101,,449540,4472679,N,,,,,"C-2, C-7, C-8"
89,5_114,20230414,5,114,OTERO-HERREROS,,S,114,12012,,,,U,40,152,15202,,99999,Plaza,de la,Estación,N,SN,,, ,01,,,,,,, ,, ,0,,507-2,2,3,20080402,20080402,,398584,4517562,T,,,,,
90,5_24,20230414,5,24,CUATRO VIENTOS,,I,24,35603,,92,84,U,28,079,07901,0790101,02110,Paseo,de,Extremadura,N,567,A,,28024,10,216,106,T07913753,0790101522,3,5,A,2,079-10-233,233,15,559-3,2,3,20030331,19860101,,432926,4470188,P,,,,,C-5
91,5_25,20230414,5,25,DELICIAS,,S,25,18004,,92,181,U,28,079,07901,0790101,05084,Calle,de,Ramírez de Prado,N,3,B,,28045,02,052,025,T07910929,0790101617,,4,A,1,079-02-035,35,73,559-3,2,3,20030331,19860101,,441322,4472634,P,,,,,"C-1, C-10"
92,5_57,20230414,5,57,PIRÁMIDES,,I,57,18005,,92,85,U,28,079,07901,0790101,11748,Paseo,del,Doctor Vallejo Nágera,N,37,,,28005,02,087,022,T07910617,0790101569,1,4,A,1,079-02-027,27,75,559-3,2,3,20030331,19860101,,439748,4472894,P,,,,,"C-1, C-10"
93,5_8,20230414,5,8,ARANJUEZ,,S,8,60200,,93,140,U,28,013,01302,0130201,A0083,Calle,de la,Estación,N,5,,,28300,04,003,,T013242,0130201008,,4,C1,4,013-001,1089,5,605-4,2,3,20030331,19860101,,447358,4432014,N,,,,,"C-3, C-3a"
94,5_19,20230414,5,19,CIEMPOZUELOS,,S,19,60105,,93,171,U,28,040,04001,0400101,A0157,Avda,de,San Juan de Dios,N,7,,,28350,01,001,,T040131,0400101009,,4,B3,3,040-003,675,12,605-2,2,3,20030331,19860101,,448159,4445798,N,,,,,"C-3, C-3a"
95,5_86,20230414,5,86,VALDEMORO,,S,86,60104,,92,364,U,28,161,16101,1610101,00601,Paseo,de la,Estación,N,86,,,28343,01,010,,T1611839,,7,4,B3,2,161-006,849,66,582-4,2,3,20030331,19860101,,443524,4449936,T,,,,,"C-3, C-3a"
96,5_56,20230414,5,56,PINTO,,S,56,60103,,93,299,U,28,113,11301,1130102,A0117,Calle,del,Ferrocarril,N,4,,,28320,01,003,,T113204,1130102006,,4,B2,3,113-005,835,51,582-3,2,3,20030331,19860101,,440252,4455150,N,,,,,"C-3, C-3a"
97,5_35,20230414,5,35,GETAFE INDUSTRIAL,Frente al nº 13,S,35,60102,,93,219,U,28,065,06503,0650301,A0408,Paseo,de,John Lennon,N,15400,,,28906,04,012,,T065648,0650301016,,4,B1,3,065-021,725,26,582-1,2,3,20030331,19860101,,439971,4462111,N,,,,,"C-3, C-3a"
98,5_40,20230414,5,40,LAGUNA,,I,40,35608,,92,83,U,28,079,07901,0790101,01597,Calle,de,Cuart de Poblet,N,1,,,28047,10,006,101,T07910677,0790101911,3,5,A,2,079-10-264,264,29,559-3,2,3,20030331,19860101,,436954,4472537,N,,,,,C-5
99,5_58,20230414,5,58,PITIS,,S,58,97100,,93,86,U,28,079,07901,0790199,45576,Ctra,a la,Estación de Pitis,N,19,,,28035,08,139,087,T079764,0790199999,2,7,A,2,079-08-158,158,52,559-1,2,3,20030331,19860101,,438601,4483172,P,,,,,"C-3a, C-7, C-8"
100,5_22,20230414,5,22,COSLADA,Con Trva de León Felipe,I,22,70108,,92,87,U,28,049,04901,0490101,A0172,Calle,de,Luis Braille,N,8,,,28821,01,013,,T049291,0490101010,8,2,B1,3,049-005,898,14,559-2,2,3,20030331,19860101,,452508,4475148,P,,,,,"C-2, C-7, C-8"
101,5_41,20230414,5,41,LEGANES,,S,41,35001,,92,88,U,28,074,07402,0740201,A0521,Calle,,Virgen del Camino,N,1,,,28913,01,020,,T0741000,0740201013,7,4,B1,3,074-012,751,36,582-1,2,3,20030331,19860101,,434573,4464765,P,,,,,C-5
102,5_5,20230414,5,5,ALCORCÓN,,E,5,35605,,92,89,U,28,007,00701,0070101,A0045,Avda,de,Móstoles,N,12,,,28922,01,002,,T007295,0070101028,7,5,B1,3,007-014,657,3,559-3,2,3,20030331,19860101,,429477,4467153,P,,,,,C-5
103,5_48,20230414,5,48,MÓSTOLES,,S,48,35606,,92,90,U,28,092,09201,0920101,A0126,Paseo,de la,Estación,N,13,,,28933,02,011,,T092228,0920101027,7,5,B2,3,092-009,787,45,581-2,2,3,20030331,19860101,,426756,4464784,P,,,,,C-5
104,5_1,20230414,5,1,"ÁGUILAS, LAS",,I,1,35602,,93,120,U,28,079,07901,0790101,02495,Avda,del,General Fanjul,N,110,,,28044,10,174,107,T07913516,0790101528,,5,A,2,079-10-242,242,31,559-3,2,3,20030331,19860101,,433877,4470567,N,,,,,C-5
105,5_4,20230414,5,4,ALCOBENDAS-S.S. DE LOS REYES,,I,4,19003,,93,127,U,28,006,00601,0060101,C0008,Plaza,de,Francisco Casillas,N,1,,,28100,01,046,,T006156,0060101014,,1,B1,3,006-007,592,,534-4,2,3,20030331,19860101,,446325,4488825,T,,,,,C-4
106,5_32,20230414,5,32,FUENLABRADA,Frente a Paseo Estación,S,32,35002,,92,91,U,28,058,05801,0580102,10290,Plaza,,Constitución,N,1,,,28944,04,001,,T058547,0580102008,7,4,B2,3,058-024,699,24,582-1,2,3,20030331,19860101,,432201,4459646,P,,,,,C-5
107,5_9,20230414,5,9,ARAVACA,Con Calle de las Rosas de Aravaca,S,9,10001,,92,94,U,28,079,07901,0790101,45062,Calle,de la,Golondrina,N,104,,,28023,09,088,097,T0795382,0790101907,5,6,A,2,079-09-204,204,6,559-1,2,3,20030331,19860101,,433469,4478023,P,,,,,"C-10, C-7"
108,5_111,20230414,5,111,VALLADOLID,,S,111,10600,,,,U,47,186,,,99999,Calle,,Estación del Norte,N,12,,, ,,,,,,,, ,, ,0,,372-1,2,3,20080306,20080306,,356281,4611695,T,,,,,
109,5_143,20230414,5,143,SOTO DEL HENARES,,I,143,70112,,93,520,U,28,148,14801,,C0049,Paseo,de la,Democracia,N,17,,,28850,02,019,,T1488824,,,2,B2,2,148-013,944,,560-1,2,3,20150828,20150828,,462693,4479508,T,,,,,"C-2, C-7, C-8"
110,5_144,20230414,5,144,VALDEBEBAS,,I,144,98304,,93,540,U,28,079,07901,,99999,Avda,de las,Fuerzas Armadas,N,322,,,28055,21,028,214,T079917433,,,2,A,1,079-21-574,574,,559-2,2,3,20151215,20151215,,447863,4481680,T,,,,,"C-1, C-10"
111,5_145,20230414,5,145,MIRASIERRA-PACO DE LUCÍA,,E,145,97200,,93,480,U,28,079,07901,,01550,Calle,de la,Costa Brava,N,14,B,,28034,08,135,087,T079679,,,7,A,1,079-08-160,160,,559-1,2,3,20170601,20180205,,440017,4483672,T,,,,,"C-3a, C-7, C-8"
